ID,Date,focalFlowering,flowerCount,focalScars,companionFlowering,companionFlowerCount,companionScars,notes
nn13,10-Aug,1,1,0,0,0,0,
nn13,13-Aug,1,2,1,0,0,0,
pc39,14-Aug,1,2,0,0,0,0,
cc25,15-Aug,1,1,0,0,0,0,
pn16,16-Aug,1,1,0,0,0,0,
pn29,17-Aug,1,1,0,0,0,0,
cn28,18-Aug,1,1,0,0,0,0,
nc23,18-Aug,1,1,,,,,
kn2,18-Aug,1,1,,,,,
pn16,18-Aug,1,,,,,,
cc40,19-Aug,1,,,,,,
kc33,18-Aug,1,,,,,,
pn20,19-Aug,1,,,,,,
pn33,20-Aug,1,,,,,,
kn4,21-Aug,1,,,,,,
pn30,21-Aug,1,,,,,,
cn28,20-Aug,1,,,,,,
cn8,21-Aug,1,,,,,,
cn15,20-Aug,1,,,,,,
kn38,21-Aug,1,,,,,,
pc39,20-Aug,1,,,,,,
nc23,20-Aug,1,,,,,,
kc30,20-Aug,1,,,,,,
cc25,20-Aug,1,,,,,,
kc1,21-Aug,1,,,,,,
cc40,21-Aug,1,,,,,,
cc24,21-Aug,1,,,,,,
pn16,21-Aug,1,,,,,,
kn2,21-Aug,1,,,,,,
nn36,21-Aug,1,,,,,,
kc25,20-Aug,1,,,,,,
kc33,21-Aug,1,,,,,,
cn20,21-Aug,1,,,,,,
pn33,21-Aug,1,,,,,,
nn18,21-Aug,1,,,,,,
pn29,21-Aug,1,,,,,,
cc13,21-Aug,1,,,,,,
nc36,21-Aug,1,,,,,,
pc17,21-Aug,1,,,,,,
nc25,21-Aug,1,,,,,,
pc12,20-Aug,1,,,,,,
pc5,21-Aug,1,,,,,,
cc5,21-Aug,1,,,,,,
kc14,21-Aug,1,,,,,,
cn36,22-Aug,0,0,1,,,,
cn8,22-Aug,1,,1,,,,
nn4,22-Aug,1,,0,,,,
kn1,22-Aug,1,,0,,,,
kn38,22-Aug,1,,0,,,,
nn13,22-Aug,1,,0,,,,
pc39,22-Aug,1,,0,,,,
kc14,22-Aug,1,,0,,,,
nc28,22-Aug,1,,0,,,,
cc15,22-Aug,0,,1,,,,
kc30,22-Aug,1,,0,,,,
nc23,22-Aug,1,,0,,,,
kn12,22-Aug,1,,0,,,,
cn26,22-Aug,0,,1,,,,
kn4,22-Aug,1,,0,,,,
pn30,22-Aug,1,,0,,dead companion,,
cn28,22-Aug,1,,0,,,,
cn20,22-Aug,1,,0,,,,
kn39,22-Aug,1,,0,,,,
pn40,22-Aug,1,,0,,,,
kc33,22-Aug,1,,0,,,,
kc25,22-Aug,1,,0,,,,
cn18,22-Aug,1,,1,,,,
cn11,22-Aug,0,,1,,,,
cn40,22-Aug,0,,0,,,,
nn36,22-Aug,1,,0,,,,
pn16,22-Aug,1,,0,,,,
kn2,22-Aug,1,,0,,,,
cc24,22-Aug,1,,0,,,,
cc40,22-Aug,1,,0,,,,
cc25,22-Aug,1,,0,,,,
kc1,22-Aug,1,,0,,,,
pn33,22-Aug,1,,0,,dead companion,,
cn2,22-Aug,1,,0,,,,
cn9,22-Aug,0,,1,,,,
cc27,22-Aug,0,,1,,,,
pc40,22-Aug,1,,0,,,,
nc36,22-Aug,1,,0,,,,
cc13,22-Aug,1,,0,,,,
pc17,22-Aug,1,,0,,,,
nc35,22-Aug,1,,0,,,,
nn18,22-Aug,1,,0,,,,
pn29,22-Aug,1,,0,,,,
nc3,22-Aug,1,,0,,,,
cc32,22-Aug,0,,1,,,,
nc25,22-Aug,1,,0,,,,
nc21,22-Aug,1,,0,,,,
cc5,22-Aug,1,,0,,,,
cc8,22-Aug,1,,0,,,,
pc5,22-Aug,1,,0,,,,
cc23,22-Aug,0,,1,,,,
cc7,22-Aug,0,,1,,,,
pc12,22-Aug,1,,0,,,,
cc22,22-Aug,0,,1,,,,
nn31,24-Aug,1,2,0,,,,
nn40,24-Aug,1,1,0,,,,
cn16,24-Aug,0,0,0,1,2,1,
kn4,24-Aug,1,2,1,,,,
kn21,24-Aug,1,1,0,,,,
pn30,24-Aug,1,3,0,,,,companion dead
cn28,24-Aug,1,8,2,,,,
nc2,24-Aug,1,1,0,,,,
nc28,24-Aug,1,7,1,,,,
cc15,24-Aug,1,3,0,1,2,0,
kc30,24-Aug,1,12,5,,,,
nc23,24-Aug,1,24,13,,,,
cc16,24-Aug,1,1,0,,,,
pc36,24-Aug,1,4,0,,,,companion dead
pc13,24-Aug,1,1,0,,,,
pc30,24-Aug,1,2,0,,,,
pc25,24-Aug,1,2,0,,,,
kn9,24-Aug,0,0,0,,,,
cn26,24-Aug,0,0,0,1,7,2,
nn17,24-Aug,1,1,0,,,,
kn12,24-Aug,1,2,1,,,,
pn11,24-Aug,1,1,0,,,,companion dead
nc18,24-Aug,1,1,0,,,,eggs on leaves
nc40,24-Aug,1,1,0,,,,
kc14,24-Aug,1,3,2,,,,
pc39,24-Aug,1,11,7,,,,
pc27,24-Aug,1,1,0,,,,
kc3,24-Aug,1,1,0,,,,
nn13,24-Aug,1,28,18,,,,
nn35,24-Aug,1,2,0,,,,
cn36,24-Aug,0,0,0,1,4,1,
cn8,24-Aug,1,6,4,1,8,2,
cn13,24-Aug,1,3,0,0,0,0,
kn38,24-Aug,1,1,1,0,0,0,
cn19,24-Aug,0,0,0,1,2,0,
cn31,24-Aug,1,2,0,,,,
cn15,24-Aug,1,6,0,,,,
kn1,24-Aug,1,7,1,,,,
nn4,24-Aug,1,5,0,,,,
kc17,24-Aug,1,2,0,,,,
kn39,24-Aug,1,1,3,,,,dying C
cn35,24-Aug,0,0,0,1,5,0,
cn20,24-Aug,1,8,3,,,,
pn40,24-Aug,1,4,0,,,,
cn21,24-Aug,0,0,0,1,3,0,
kc33,24-Aug,1,4,6,,,,
kc25,24-Aug,1,11,4,,,,
pc16,24-Aug,1,1,0,,,,
cn11,24-Aug,1,1,0,1,3,2,
cn18,24-Aug,1,1,1,1,7,3,
pn7,24-Aug,1,3,0,,,,dead companion
cn38,24-Aug,1,2,0,,,,
kn22,24-Aug,1,2,0,,,,
nc5,24-Aug,1,2,0,,,,
cc36,24-Aug,1,1,0,,,,
pn16,24-Aug,1,9,12,,,,
nn10,24-Aug,1,1,0,,,,
kn2,24-Aug,1,16,8,,,,
cn40,24-Aug,0,0,0,1,1,0,
nn36,24-Aug,1,3,1,,,,
kn25,24-Aug,1,4,0,,,,
nn14,24-Aug,1,2,0,,,,
nn24,24-Aug,1,1,0,,,,
kc6,24-Aug,1,3,0,,,,
cc25,24-Aug,1,13,13,,,,
kc1,24-Aug,1,10,1,,,,
cc31,24-Aug,1,2,0,,,,
pc19,24-Aug,1,1,0,,,,dead companion
cc18,24-Aug,1,1,0,,,,
cc24,24-Aug,1,3,0,,,,
cc37,24-Aug,0,0,0,1,2,0,
kc2,24-Aug,1,3,0,,,,
cc40,24-Aug,1,6,2,,,,
cn23,24-Aug,0,0,0,1,1,0,
pn10,24-Aug,1,2,0,,,,dead companion
pn5,24-Aug,1,3,0,,,,
cn9,24-Aug,0,0,0,1,6,7,
pn33,24-Aug,1,11,4,,,,dead companion
cn2,24-Aug,1,5,0,,,,
kn40,24-Aug,1,2,0,,,,
cn4,24-Aug,1,2,0,,,,
cc27,24-Aug,0,0,0,1,2,0,
nc13,24-Aug,1,2,0,,,,
pc40,24-Aug,1,5,0,,,,
nc36,24-Aug,1,6,1,,,,
kc5,24-Aug,1,3,0,,,,
nc6,24-Aug,1,1,0,,,,
nc35,24-Aug,1,11,4,,,,
cc13,24-Aug,1,2,2,1,2,0,
pc17,24-Aug,1,3,1,,,,
kn27,24-Aug,1,1,0,,,,
pn29,24-Aug,1,10,8,,,,
nn5,24-Aug,1,4,0,,,,
cc14,24-Aug,0,0,0,1,1,0,
nc3,24-Aug,1,3,0,,,,
nc38,24-Aug,1,1,0,,,,
pc11,24-Aug,1,1,0,,,,dead companion
cc32,24-Aug,0,0,0,1,4,1,
cc29,24-Aug,1,3,1,,,,
nc21,24-Aug,1,6,0,,,,
pc10,24-Aug,1,2,0,,,,
nc25,24-Aug,1,2,1,,,,
cc17,24-Aug,1,2,0,,,,
cc5,24-Aug,1,5,1,,,,
cc8,24-Aug,1,4,0,,,,
cc23,24-Aug,0,0,0,1,3,1,
pc5,24-Aug,1,7,1,,,,
cc2,24-Aug,0,0,0,1,4,0,
cc7,24-Aug,0,0,0,1,3,0,
pc12,24-Aug,1,5,2,,,,
cc22,24-Aug,1,1,0,1,6,3,
nn29,28-Aug,1,2,2,,,,
pn12,28-Aug,1,3,2,,,,
nn31,28-Aug,1,6,4,,,,
kn25,28-Aug,1,6,0,,,,
cn33,28-Aug,1,3,1,1,3,0,
nn27,28-Aug,1,2,1,,,,
pn25,28-Aug,1,1,1,,,,
pn24,28-Aug,1,1,0,,,,
pn13,28-Aug,1,2,3,,,,dead companion
kn20,28-Aug,1,1,0,,,,
kn5,28-Aug,1,5,0,,,,
nn40,28-Aug,1,3,1,,,,
cn16,28-Aug,0,0,0,1,5,3,
nn8,28-Aug,1,1,0,,,,
cn28,28-Aug,1,15,13,,,,
nn15,28-Aug,1,3,1,,,,
pn30,28-Aug,1,12,5,,,,dead companion
kn21,28-Aug,1,2,2,,,,
pn3,28-Aug,1,6,0,,,,dead companion
kn4,28-Aug,1,5,3,,,,
nc23,28-Aug,1,12,55,,,,
cc28,28-Aug,1,2,0,1,3,1,
nc2,28-Aug,1,3,2,,,,
kc19,28-Aug,1,7,5,,,,
nc28,28-Aug,1,9,12,,,,
cc15,28-Aug,1,10,3,1,11,1,
kc30,28-Aug,1,23,22,,,,
pc25,28-Aug,1,8,2,,,,
kc26,28-Aug,1,1,2,,,,
cc34,28-Aug,1,4,0,,,,
pc30,28-Aug,1,6,6,,,,
pc13,28-Aug,1,7,1,,,,
pc36,28-Aug,1,17,4,,,,dead companion
pc9,28-Aug,1,3,0,,,,
cc16,28-Aug,1,5,4,1,5,1,
pn11,28-Aug,1,7,4,,,,dead companion
kn12,28-Aug,1,8,5,,,,
cn26,28-Aug,1,1,0,1,10,8,
nn17,28-Aug,1,3,3,,,,
cn1,28-Aug,1,1,1,,,,
kn7,28-Aug,1,1,0,,,,
kn9,28-Aug,1,2,0,,,,
nn26,28-Aug,1,1,0,,,,
cc1,28-Aug,1,3,0,,,,
nc18,28-Aug,1,5,2,,,,
nc12,28-Aug,1,1,0,,,,
nc40,28-Aug,1,1,3,,,,
kc14,28-Aug,1,12,8,,,,
kc11,28-Aug,1,2,0,,,,
cc3,28-Aug,1,4,0,1,1,0,
pc39,28-Aug,1,14,24,,,,
kc13,28-Aug,1,2,0,,,,
pc27,28-Aug,1,4,4,,,,
kc3,28-Aug,1,5,1,,,,
kc9,28-Aug,1,5,0,,,,
pn4,28-Aug,1,1,0,,,,dead companion
nn35,28-Aug,1,5,7,,,,
cn29,28-Aug,0,0,0,1,3,1,
pn22,28-Aug,1,1,0,,,,
cn34,28-Aug,1,5,0,,,,
nn13,28-Aug,1,18,56,,,,
kn38,28-Aug,1,8,3,,,,
cn37,28-Aug,0,0,0,1,3,1,
pn32,28-Aug,1,3,3,,,,
cn19,28-Aug,1,1,0,1,6,3,
cn7,28-Aug,1,3,2,1,6,0,
pn34,28-Aug,1,4,0,,,,
cn15,28-Aug,1,12,9,1,1,0,
cn31,28-Aug,1,4,3,1,6,0,
kn1,28-Aug,1,12,12,,,,
nn4,28-Aug,1,14,18,,,,
cn27,28-Aug,1,6,0,1,2,2,
cn22,28-Aug,1,2,0,,,,grass planted as companion
cn36,28-Aug,0,0,0,1,6,10,
kn29,28-Aug,1,2,0,,,,
pn9,28-Aug,1,1,0,,,,
cn8,28-Aug,1,10,14,1,6,14,
kn36,28-Aug,1,5,1,,,,
cn13,28-Aug,1,7,5,1,6,0,
cc4,28-Aug,1,5,2,,,,
pc21,28-Aug,1,1,0,,,,
nc1,28-Aug,1,5,3,,,,
kc17,28-Aug,1,10,5,,,,
kc24,28-Aug,1,2,0,,,,
nc9,28-Aug,1,2,0,,,,
cn20,28-Aug,1,12,10,1,2,2,
pn36,28-Aug,1,2,0,,,,
cn35,28-Aug,0,0,0,1,9,8,
cn21,28-Aug,1,2,0,1,6,4,
nn37,28-Aug,1,1,0,,,,
nn2,28-Aug,1,2,1,,,,
pn40,28-Aug,1,9,7,,,,
kn26,28-Aug,1,5,3,,,,dead companion
kn16,28-Aug,1,3,1,,,,
cc30,28-Aug,0,0,0,1,2,0,
kc15,28-Aug,1,3,0,,,,
kc33,28-Aug,1,8,16,,,,
kc25,28-Aug,1,14,14,,,,
kc21,28-Aug,1,4,0,,,,
pc16,28-Aug,1,5,1,,,,
nc30,28-Aug,1,2,1,,,,
cn11,28-Aug,1,2,4,1,3,7,
nn7,28-Aug,1,3,0,,,,
cn18,28-Aug,1,8,6,1,13,12,
pn7,28-Aug,1,5,9,,,,dead companion
cn30,28-Aug,1,3,0,1,2,1,
cn10,28-Aug,1,1,0,1,2,0,
cn38,28-Aug,1,6,2,1,2,0,
nn33,28-Aug,1,4,1,,,,
kn3,28-Aug,1,1,0,,,,
kn8,28-Aug,1,3,0,,,,
nn30,28-Aug,1,3,2,,,,
kn13,28-Aug,1,1,0,,,,
pn37,28-Aug,1,2,0,,,,
kn22,28-Aug,1,6,5,,,,
nn34,28-Aug,1,3,0,,,,
cn32,28-Aug,0,0,0,1,1,0,
nc5,28-Aug,1,6,3,,,,
nc17,28-Aug,1,1,0,,,,
cc10,28-Aug,1,7,0,,,,
kc39,28-Aug,1,3,1,,,,
kc16,28-Aug,1,7,0,,,,
cc36,28-Aug,1,7,5,,,,
cc39,28-Aug,1,3,0,,,,
cn17,28-Aug,0,0,0,1,9,9,
nn36,28-Aug,1,9,9,,,,
kn15,28-Aug,1,5,3,,,,dead companion
nn23,28-Aug,1,2,1,,,,
cn40,28-Aug,0,0,0,1,6,2,
kn2,28-Aug,1,6,30,,,,
nn10,28-Aug,1,2,0,,,,
pn16,28-Aug,1,18,19,,,,
nn20,28-Aug,1,3,0,,,,
cn25,28-Aug,1,1,0,1,1,1,
kn35,28-Aug,1,5,4,,,,
nn24,28-Aug,1,8,2,,,,
cn6,28-Aug,1,3,0,1,4,5,
nn14,28-Aug,1,7,3,,,,
nn39,28-Aug,1,4,0,,,,
cc24,28-Aug,1,11,8,,,,
nc32,28-Aug,1,7,4,,,,
cc18,28-Aug,1,5,2,1,1,0,
cc31,28-Aug,1,5,5,1,1,2,
pc19,28-Aug,1,2,2,,,,dead companion
cc19,28-Aug,1,4,0,,,,
cc40,28-Aug,1,8,11,1,2,1,
pc7,28-Aug,1,5,2,,,,
cc33,28-Aug,1,2,0,1,8,2,
kc12,28-Aug,1,1,0,,,,
kc2,28-Aug,1,7,6,,,,
nc19,28-Aug,1,2,1,,,,
cc37,28-Aug,0,0,0,1,6,4,
pc4,28-Aug,1,1,0,,,,
pc37,28-Aug,1,2,2,,,,
kc6,28-Aug,1,7,3,,,,
nc24,28-Aug,1,2,0,,,,
cc25,28-Aug,1,10,29,1,7,8,
kc1,28-Aug,1,12,19,,,,
kc36,28-Aug,1,1,0,,,,
pn27,28-Aug,1,2,0,,,,
cn2,28-Aug,1,6,7,1,2,1,
pn1,28-Aug,1,3,3,,,,
pn3,28-Aug,1,17,16,,,,dead companion
cn9,28-Aug,1,2,0,1,14,12,
cn5,28-Aug,1,3,0,1,3,0,
cn14,28-Aug,1,2,0,1,2,1,
cn23,28-Aug,1,4,1,1,6,2,
nn32,28-Aug,1,2,1,,,,
kn24,28-Aug,1,1,0,,,,
cn12,28-Aug,1,1,0,1,3,1,
pn28,28-Aug,1,2,0,,,,
pn5,28-Aug,1,11,4,,,,
pn10,28-Aug,1,9,2,,,,
kn40,28-Aug,1,5,3,,,,
cn39,28-Aug,1,2,2,,,,
cn4,28-Aug,1,5,0,1,1,0,
nn19,28-Aug,1,2,0,,,,
kc23,28-Aug,1,1,0,,,,
nc13,28-Aug,1,3,3,,,,
cc27,28-Aug,0,0,0,1,1,8,
nc10,28-Aug,1,2,0,,,,
kc5,28-Aug,1,5,2,,,,
nc36,28-Aug,1,10,14,,,,
pc40,28-Aug,1,6,10,,,,
nc6,28-Aug,1,8,3,,,,
nc35,28-Aug,1,15,23,,,,
cc38,28-Aug,1,2,1,1,3,0,
nc37,28-Aug,1,4,0,,,,
cc13,28-Aug,1,5,8,1,3,3,
pc17,28-Aug,1,7,7,,,,
pc29,28-Aug,1,12,28,,,,
kn27,28-Aug,1,4,1,,,,
pn19,28-Aug,1,5,1,,,,
nn18,28-Aug,1,8,4,,,,
nn5,28-Aug,1,6,10,,,,
pn21,28-Aug,1,5,0,,,,
cn24,28-Aug,1,2,0,,,,
nc16,28-Aug,1,1,1,,,,
nc38,28-Aug,1,11,2,,,,
cc14,28-Aug,1,3,0,1,4,5,
cc11,28-Aug,1,1,0,1,7,2,
pc32,28-Aug,1,2,1,,,,
nc3,28-Aug,1,7,6,,,,
pc15,28-Aug,1,3,0,,,,
kc7,28-Aug,1,2,0,,,,
cc29,28-Aug,1,4,6,1,6,2,
pc11,28-Aug,1,2,4,,,,dead companion
pc29,28-Aug,1,9,0,,,,
cc32,28-Aug,1,1,0,1,8,8,
pc18,28-Aug,1,1,0,,,,dead companion
cc12,28-Aug,1,3,0,,,,
cc17,28-Aug,1,7,4,1,4,1,
nc25,28-Aug,1,9,4,,,,
cc26,28-Aug,1,5,0,,,,
pc10,28-Aug,1,4,3,,,,
nc21,28-Aug,1,7,9,,,,
pc8,28-Aug,1,1,0,,,,
nc7,28-Aug,1,1,0,,,,
pc35,28-Aug,1,2,0,,,,dead companion
cc8,28-Aug,1,4,10,0,0,0,
cc5,28-Aug,1,8,7,1,2,0,
cc35,28-Aug,0,0,0,1,6,2,
cc9,28-Aug,0,0,0,1,5,11,
pc5,28-Aug,1,5,11,,,,
nc20,28-Aug,1,3,0,,,,
cc23,28-Aug,1,1,0,1,11,7,
cc2,28-Aug,0,0,0,1,7,9,
nc29,28-Aug,1,1,0,,,,
kc8,28-Aug,1,7,2,,,,
cc22,28-Aug,1,8,2,1,12,18,
cc7,28-Aug,0,0,0,1,7,6,
kc10,28-Aug,1,2,0,,,,
pc12,28-Aug,1,17,13,,,,
pn2,31-Aug,1,1,1,,,,
kn25,31-Aug,1,13,10,,,,
pn14,31-Aug,1,1,3,,,,
nn31,31-Aug,1,9,12,,,,
nn29,31-Aug,1,7,3,,,,
cn33,31-Aug,1,3,3,1,6,3,
pn12,31-Aug,1,12,6,,,,
nn22,31-Aug,1,2,1,,,,
nn27,31-Aug,1,6,3,,,,
pn13,31-Aug,1,4,,,,,dead companion
pn24,31-Aug,1,3,,,,,
kn20,31-Aug,1,3,,,,,
pn25,31-Aug,1,1,,,,,
pn38,31-Aug,1,2,,,,,
kn5,31-Aug,1,3,,,,,
nn40,31-Aug,1,7,,,,,
cn16,31-Aug,1,2,,1,7,,
pn31,31-Aug,1,1,,,,,
pn8,31-Aug,1,2,,,,,
nn8,31-Aug,1,4,,,,,
kn4,31-Aug,1,7,,,,,
pn3,31-Aug,1,7,,,,,compnanion dead
kn21,31-Aug,1,3,,,,,
pn30,31-Aug,1,17,,,,,companion dead
nn15,31-Aug,1,4,,,,,
cn28,31-Aug,1,9,,,,,
nc23,31-Aug,1,5,,,,,
nc28,31-Aug,1,13,,,,,
cc15,31-Aug,1,6,0,1,10,,
cc28,31-Aug,1,11,0,1,8,,
kc19,31-Aug,1,11,,,,,
nc27,31-Aug,1,1,,,,,
nc2,31-Aug,1,2,,,,,
kc30,31-Aug,1,20,,,,,
cc16,31-Aug,1,3,,1,5,,
pc13,31-Aug,1,4,,,,,
cc34,31-Aug,1,5,,,,,
pc36,31-Aug,1,15,,,,,dead companion
pc25,31-Aug,1,10,,,,,dead companion
pc30,31-Aug,1,10,,,,,
cc21,31-Aug,1,2,,,,,
kc26,31-Aug,1,7,,,,,
pc9,31-Aug,1,6,,,,,dead companion
nn26,31-Aug,1,3,,,,,
cn1,31-Aug,1,2,,,,,
kn9,31-Aug,1,2,,,,,
cn26,31-Aug,1,1,,1,9,,
nn17,31-Aug,1,9,,,,,
pn11,31-Aug,1,8,,,,,
kn7,31-Aug,1,1,,,,,
kn12,31-Aug,1,9,,,,,
cc1,31-Aug,1,1,,,,,
kc40,31-Aug,1,5,,,,,
nc12,31-Aug,1,4,,,,,
nc18,31-Aug,1,3,,,,,
nc40,31-Aug,1,3,,,,,
kc29,31-Aug,1,2,0,,,,
kc14,31-Aug,1,7,,,,,
kc11,31-Aug,1,8,,,,,
pc39,31-Aug,1,8,,,,,
kc13,31-Aug,1,4,,,,,
cc6,31-Aug,0,0,0,1,1,0,
kc3,31-Aug,1,12,,,,,
cc3,31-Aug,1,2,,1,2,,
pc27,31-Aug,1,13,,,,,
kc9,31-Aug,1,7,,,,,
nn35,31-Aug,1,12,,,,,
pn4,31-Aug,1,8,,,,,dead companion
kn31,31-Aug,1,2,,,,,
cn34,31-Aug,1,3,,1,2,,
nn13,31-Aug,1,24,,,,,
cn29,31-Aug,1,2,,1,3,,
pn22,31-Aug,1,2,,,,,
pn32,31-Aug,1,6,,,,,
cn19,31-Aug,1,6,,1,9,,
cn37,31-Aug,0,0,0,1,6,,
pn34,31-Aug,1,7,,,,,
cn7,31-Aug,1,9,,1,4,,
kn38,31-Aug,1,7,,,,,
cn27,31-Aug,1,10,,1,2,,
kn1,31-Aug,1,14,,,,,
cn31,31-Aug,1,4,,1,11,,
nn4,31-Aug,1,11,,,,,
cn15,31-Aug,1,10,,1,3,,
kn33,31-Aug,1,1,,,,,
kn36,31-Aug,1,10,,,,,
cn22,31-Aug,1,5,,,,,
cn8,31-Aug,1,15,,1,7,,
cn13,31-Aug,1,10,,1,8,,
cn36,31-Aug,1,3,,1,4,,
k29,31-Aug,1,4,,,,,
pn9,31-Aug,1,9,,,,,
kc38,31-Aug,1,2,,,,,
cc4,31-Aug,1,9,,1,1,,
pc21,31-Aug,1,2,,,,,
kc17,31-Aug,1,7,,,,,
kc31,31-Aug,1,5,,,,,
kc24,31-Aug,1,4,,,,,
nc1,31-Aug,1,10,,,,,
cn20,31-Aug,1,3,,1,3,,
cn3,31-Aug,1,3,,1,3,,
pn6,31-Aug,1,3,,,,,
kn28,31-Aug,1,2,,,,,
kn34,31-Aug,1,3,,,,,
pn36,31-Aug,1,1,,1,4,,
cn35,31-Aug,1,2,,1,12,,
kn16,31-Aug,1,6,,,,,
kn18,31-Aug,1,1,,,,,
cn21,31-Aug,1,6,,1,11,,
pn40,31-Aug,1,12,,,,,
pn39,31-Aug,1,1,,,,,
kn26,31-Aug,1,10,,,,,dead companion
nn2,31-Aug,1,7,,,,,
nn37,31-Aug,1,6,,,,,
nc30,31-Aug,1,6,,,,,
kc21,31-Aug,1,9,,,,,
kc15,31-Aug,1,3,,,,,
cc30,31-Aug,1,1,,1,6,,
pc16,31-Aug,1,7,,0,,,
nc8,31-Aug,1,2,,0,,,
kc25,31-Aug,1,13,,0,,,
kc33,31-Aug,1,5,,0,,,
nn7,31-Aug,1,8,,0,,,
cn11,31-Aug,1,2,,0,7,,
cn18,31-Aug,1,8,,0,11,,
cn10,31-Aug,1,2,,0,6,,
cn30,31-Aug,1,7,,0,2,,
nn33,31-Aug,1,4,,0,,,
cn38,31-Aug,1,5,,0,6,,
pn7,31-Aug,1,13,,0,,,dead companion
pn35,31-Aug,1,1,0,1,0,4,
nn30,31-Aug,1,11,,0,,,
kn22,31-Aug,1,10,,0,,,
cn32,31-Aug,1,6,,0,,,
kn13,31-Aug,1,4,,0,,,
pn37,31-Aug,1,2,,0,,,
kn8,31-Aug,1,8,,0,,,
nn34,31-Aug,1,5,,0,,,
kn3,31-Aug,1,3,,0,,,
cc10,31-Aug,1,6,,,1,,
kc39,31-Aug,1,4,,,,,
cc39,31-Aug,1,1,,,1,,
cc36,31-Aug,1,11,,,4,,
kc16,31-Aug,1,11,,,,,
nc22,31-Aug,1,2,,,,,
nc17,31-Aug,1,3,,,,,
nc5,31-Aug,1,7,,,,,
nn36,31-Aug,1,16,,,,,
cn17,31-Aug,1,2,,,3,,
kn2,31-Aug,1,1,,,,,
kn15,31-Aug,1,7,,,,,
kn23,31-Aug,1,4,,,,,
nn23,31-Aug,1,8,,,,,
pn16,31-Aug,1,3,,,,,
nn10,31-Aug,1,5,,,,,
cn40,31-Aug,1,3,,,7,,
cn25,31-Aug,1,3,,,6,,
nn20,31-Aug,1,7,,,,,
kn35,31-Aug,1,7,,,,,
nn24,31-Aug,1,6,,,,,
cn6,31-Aug,1,6,,,7,,
nn14,31-Aug,1,7,,,,,
nn39,31-Aug,1,5,,,,,
nc4,31-Aug,1,8,,,,,
pc19,31-Aug,1,9,,,,,dead companion
cc18,31-Aug,1,5,,1,1,,
kc35,31-Aug,1,4,,0,,,
cc31,31-Aug,1,10,,1,7,,
cc19,31-Aug,1,8,,0,,,
cc24,31-Aug,1,10,,1,4,,
nc32,31-Aug,1,10,,0,,,
cc25,31-Aug,1,5,,1,9,,
kc1,31-Aug,1,15,,0,,,
kc36,31-Aug,1,2,,,,,
pc34,31-Aug,1,1,,,1,1,
kc6,31-Aug,1,10,,,,,
pc37,31-Aug,1,6,,,,,
kc22,31-Aug,1,1,,,,,
nc24,31-Aug,1,3,,,,,
pc4,31-Aug,1,1,,,2,,
nc19,31-Aug,1,5,,,,,
cc40,31-Aug,1,14,,,5,,
kc12,31-Aug,1,4,,,,,
pc7,31-Aug,1,8,,,,,
kc2,31-Aug,1,12,,,,,
cc33,31-Aug,1,4,,,4,,
cc37,31-Aug,0,0,0,1,11,,
pc31,31-Aug,1,1,,,,,
cn5,31-Aug,1,2,,,3,,
pn27,31-Aug,1,6,,,,,
cn2,31-Aug,1,7,,,6,,
pn1,31-Aug,1,6,,,,,
pn17,31-Aug,1,4,,,,,
pn33,31-Aug,1,6,,,,,dead companion
cn9,31-Aug,1,3,,,5,,
cn23,31-Aug,1,5,,,11,,
cn14,31-Aug,1,4,,,9,,
kn30,31-Aug,1,4,,,,,
kn24,31-Aug,1,2,,,,,
nn32,31-Aug,1,6,,,,,
cn12,31-Aug,1,4,,,10,,
pn28,31-Aug,1,4,,,,,
pn10,31-Aug,1,7,,,,,dead companion
pn5,31-Aug,1,15,,,,,
nn19,31-Aug,1,5,,,,,
cn4,31-Aug,1,9,,,4,,
cn39,31-Aug,1,6,,,2,,
kn14,31-Aug,1,2,,,,,
kn40,31-Aug,1,7,,,,,
kn17,31-Aug,1,5,,,,,
nc10,31-Aug,1,2,,,,,
kc5,31-Aug,1,13,,,,,
nc13,31-Aug,1,7,,,,,
cc27,31-Aug,1,5,,,,,
nc36,31-Aug,1,13,,,,,
kc23,31-Aug,1,4,,,,,
pc40,31-Aug,1,8,,1,2,,
nc31 or 37,31-Aug,1,5,,,,,
nc35,31-Aug,1,13,,,,,
cc38,31-Aug,1,7,,1,6,,
pc17,31-Aug,1,10,,,,,
cc13,31-Aug,1,6,,1,3,,
nc6,31-Aug,1,14,,,,,
pn29,31-Aug,1,11,,,,,
pn19,31-Aug,1,10,,1,0,3,
kn27,31-Aug,1,7,,,,,
nn18,31-Aug,1,14,,,,,
kn32,31-Aug,1,2,,,,,
nn5,31-Aug,1,14,,,,,
pn21,31-Aug,1,7,,,,,
cn24,31-Aug,1,6,,,,,
cc11,31-Aug,1,5,,1,8,,
cc14,31-Aug,1,5,,1,3,,
cc20,31-Aug,1,2,,1,3,,
nc38,31-Aug,1,14,,,,,
nc16,31-Aug,1,5,,,,,
pc32,31-Aug,1,3,,,,,
pc15,31-Aug,1,4,,,,,
nc3,31-Aug,1,13,,,,,
pc29,31-Aug,1,12,,,,,
cc29,31-Aug,1,16,,,,,
pc2,31-Aug,1,0,,,,,dead companion
kc20,31-Aug,1,3,,,,,
nc34,31-Aug,1,5,,,,,overplanted
cc32,31-Aug,1,1,,1,10,,
kc7,31-Aug,1,1,,,,,
pc11,31-Aug,1,7,,,,,dead companion
pc18,31-Aug,1,7,,,,,
cc26,31-Aug,1,3,,,,,
cc17,31-Aug,1,9,,1,11,,
nc15,31-Aug,0,0,0,,,,
nc25,31-Aug,1,9,,,,,
cc12,31-Aug,1,6,,1,1,,
pc10,31-Aug,1,7,,,,,
nc21,31-Aug,1,15,,,,,
kc18,31-Aug,1,1,,,,,
nc33,31-Aug,1,3,,,,,
pc26,31-Aug,1,1,,,,,
pc33,31-Aug,1,3,,,,,
pc35,31-Aug,1,4,,,,,dead companion
pc8,31-Aug,1,6,,,,,
cc8,31-Aug,1,6,,1,3,,
nc7,31-Aug,1,7,,,,,
cc5,31-Aug,1,10,,1,4,,
pc14,31-Aug,1,1,,,,,
kc27,31-Aug,1,2,,,,,
cc9,31-Aug,1,1,,1,2,,
kc34,31-Aug,1,1,,,,,
cc35,31-Aug,0,0,0,1,7,0,
nc20,31-Aug,1,4,,,,,
pc5,31-Aug,1,10,,1,2,,
cc23,31-Aug,1,5,,1,9,,
cc7,31-Aug,1,2,,1,3,,
kc10,31-Aug,1,4,,,,,
pc12,31-Aug,1,17,,,,,
kc8,31-Aug,1,12,,,,,
pc28,31-Aug,1,5,,,,,
cc22,31-Aug,1,12,,1,17,,
nc29,31-Aug,1,6,,,,,
kc4,31-Aug,1,3,,,,,
cc2,31-Aug,1,4,,1,6,,
pn2,5-Sep,1,6,7,1,2,2,
kn25,5-Sep,1,15,23,,,,
pn14,5-Sep,1,6,1,,,,
nn29,5-Sep,1,11,13,,,,
cn33,5-Sep,1,7,9,1,8,7,
nn31,5-Sep,1,12,25,,,,
pn12,5-Sep,1,15,22,,,,
nn22,5-Sep,1,12,9,,,,
nn27,5-Sep,1,10,13,,,,
pn24,5-Sep,1,13,6,,,,
pn25,5-Sep,1,6,9,1,1,2,
nn11,5-Sep,1,7,2,,,,
nn40,5-Sep,1,8,12,,,,
pn13,5-Sep,1,10,12,,,,
kn20,5-Sep,1,7,11,,,,
kn5,5-Sep,1,8,7,,,,
pn38,5-Sep,1,7,5,1,3,2,
cn16,5-Sep,1,7,2,1,8,11,
pn31,5-Sep,1,5,4,,,,
pn8,5-Sep,1,9,7,1,3,0,
kn21,5-Sep,1,4,10,,,,
kn4,5-Sep,1,13,12,,,,
nn15,5-Sep,1,4,9,,,,
nn8,5-Sep,1,9,6,,,,
pn3,5-Sep,1,10,26,,,,
pn30,5-Sep,1,15,20,,,,
cn28,5-Sep,1,2,21,1,4,4,
nc23,5-Sep,1,0,19,,,,
cc15,5-Sep,1,6,22,1,11,25,
kc19,5-Sep,1,8,24,,,,
cc28,5-Sep,1,12,14,1,12,8,
kc30,5-Sep,1,11,58,,,,
nc28,5-Sep,1,10,10,,,,
nc27,5-Sep,1,2,7,,,,
nc2,5-Sep,1,6,8,,,,
nc39,5-Sep,1,4,0,,,,
cc16,5-Sep,1,9,15,1,4,11,
pc36,5-Sep,1,17,16,,,,dead companion
cc34,5-Sep,1,7,8,1,6,4,
pc25,5-Sep,1,14,16,,,,dead companion
pc13,5-Sep,1,11,6,,,,
pc30,5-Sep,1,9,9,,,,
cc21,5-Sep,1,6,3,1,5,0,
kc26,5-Sep,1,9,15,,,,
pc9,5-Sep,1,9,12,,,,dead companion
cn1,5-Sep,1,8,4,1,2,0,
cn26,5-Sep,1,4,4,1,5,24,
kn9,5-Sep,1,9,10,,,,
kn7,5-Sep,1,9,5,,,,
kn12,5-Sep,1,19,13,,,,
nn17,5-Sep,1,10,21,,,,
nn26,5-Sep,1,7,7,,,,
pn11,5-Sep,1,19,18,,,,dead companion
nn12,5-Sep,1,6,8,,,,
cc1,6-Sep,1,8,9,1,,,
kc37,6-Sep,1,10,0,,,,
nc12,6-Sep,1,11,8,,,,
nc18,6-Sep,1,11,6,,,,
kc40,6-Sep,1,21,10,,,,
nc40,6-Sep,1,10,5,,,,
kc29,6-Sep,1,11,4,,,,
kc11,6-Sep,1,10,16,,,,
kc14,6-Sep,1,10,29,,,,
kc9,6-Sep,1,12,15,,,,
pc27,6-Sep,1,16,19,1,1,5,
cc3,6-Sep,1,1,3,1,1,1,
pc6,6-Sep,0,0,0,1,2,2,
pc39,6-Sep,1,1,35,1,3,0,
cc6,6-Sep,1,2,0,1,7,3,
kc3,6-Sep,1,10,19,,,,
kc13,6-Sep,1,12,11,,,,
nc14,6-Sep,0,0,0,,,,
pn4,6-Sep,1,22,13,,,,dead companion
pn15,6-Sep,1,4,0,,,,
kn11,6-Sep,1,5,2,,,,
cn34,6-Sep,1,13,10,1,4,7,
nn13,6-Sep,1,12,59,,,,
kn31,6-Sep,1,4,5,,,,
cn29,6-Sep,1,8,9,1,9,5,
pn22,6-Sep,1,11,4,1,0,2,
nn35,6-Sep,1,13,37,,,,
pn34,6-Sep,1,10,14,,,,
kn38,6-Sep,1,17,18,,,,
cn37,6-Sep,1,3,8,,,,
pn32,6-Sep,1,13,10,,,,
kn10,6-Sep,1,5,1,,,,
cn19,6-Sep,1,11,11,1,11,15,
cn7,6-Sep,1,15,13,1,16,19,
cn31,6-Sep,1,1,9,1,11,15,
cn15,6-Sep,1,11,25,1,8,8,
kn33,6-Sep,1,9,4,,,,
kn6,6-Sep,1,5,0,,,,
cn27,6-Sep,1,14,12,1,11,7,
kn1,6-Sep,1,8,29,,,,
nn16,6-Sep,1,9,4,,,,
nn4,6-Sep,1,15,32,,,,
kn29,6-Sep,1,8,10,,,,
pn9,6-Sep,1,16,19,1,2,3,
kn36,6-Sep,1,16,15,,,,
cn13,6-Sep,1,10,16,1,14,24,
cn36,6-Sep,1,4,7,1,1,17,
kn22,6-Sep,1,12,11,,,,
cn8,6-Sep,1,9,26,1,2,17,
kc24,6-Sep,1,15,11,,,,
kc17,6-Sep,1,17,9,,,,
nc1,6-Sep,1,19,15,,,,
cc4,6-Sep,1,8,15,1,5,1,
kc31,6-Sep,1,15,12,,,,
pc21,6-Sep,1,12,3,1,2,9,
kc38,6-Sep,1,7,6,,,,
nc9,6-Sep,1,13,8,,,,
pc23,6-Sep,1,9,4,1,1,6,
cn35,6-Sep,1,7,5,1,14,22,
pn6,6-Sep,1,5,10,1,2,2,
kn34,6-Sep,1,7,7,,,,
nn28,6-Sep,1,9,1,,,,
kn28,6-Sep,1,6,6,,,,
cn20,6-Sep,1,2,26,1,11,12,
kn39,6-Sep,1,0,1,,,,
pn36,6-Sep,1,2,2,,,,dead companion
cn3,6-Sep,1,6,3,1,13,8,
cn21,6-Sep,1,8,7,1,11,21,
nn2,6-Sep,1,18,17,,,,
pn39,6-Sep,1,1,4,1,0,2,
pn40,6-Sep,1,15,23,1,2,1,
nn37,6-Sep,1,15,12,,,,
kn18,6-Sep,1,4,1,,,,
kn16,6-Sep,1,25,16,,,,
kn19,6-Sep,1,5,0,,,,
kn26,6-Sep,1,15,22,,,,dead companion
kc21,6-Sep,1,14,21,,,,
kc33,6-Sep,1,3,23,,,,
kc15,6-Sep,1,13,13,,,,
cc30,6-Sep,1,5,2,1,11,9,
pc16,6-Sep,1,22,15,1,3,3,
nc30,6-Sep,1,15,15,,,,
nc8,6-Sep,1,6,7,,,,
kc25,6-Sep,1,0,50,,,,
cn30,6-Sep,1,8,10,1,6,9,
cn18,6-Sep,1,9,17,1,8,31,
nn7,6-Sep,1,13,19,,,,
cn38,6-Sep,1,10,9,1,11,11,
pn23,6-Sep,1,4,2,,,,dead companion
pn7,6-Sep,1,13,22,,,,dead companion
nn33,6-Sep,1,12,18,,,,
cn10,6-Sep,1,9,7,1,7,10,
cn11,6-Sep,1,12,13,1,11,10,
cn32,6-Sep,1,5,4,1,5,8,
nn30,6-Sep,1,16,16,,,,
kn3,6-Sep,1,10,11,,,,
pn37,6-Sep,1,7,2,1,2,0,
kn22,6-Sep,1,12,22,,,,
kn13,6-Sep,1,9,11,,,,
pn35,6-Sep,1,2,0,1,11,21,
nn34,6-Sep,1,13,25,,,,
kn8,6-Sep,1,17,14,,,,
nc22,6-Sep,1,9,7,,,,
nc17,6-Sep,1,13,8,,,,
nc5,6-Sep,1,18,18,,,,
kc16,6-Sep,1,13,16,,,,
cc36,6-Sep,1,16,22,1,5,6,
cc39,6-Sep,1,15,3,1,7,3,
kc39,6-Sep,1,18,15,,,,
cc10,6-Sep,1,8,20,1,7,7,
cn17,6-Sep,1,10,7,1,9,12,
nn36,6-Sep,1,16,27,,,,
kn2,6-Sep,1,0,26,,,,
nn23,6-Sep,1,13,15,,,,
kn23,6-Sep,1,15,10,,,,
nn10,6-Sep,1,12,11,,,,
pn16,6-Sep,1,0,24,1,7,10,
cn40,6-Sep,1,4,6,1,13,19,
kn15,6-Sep,1,11,17,,,,
kn35,6-Sep,1,2,22,,,,
nn9,6-Sep,1,5,2,,,,
cn25,6-Sep,1,4,8,1,11,10,
nn39,6-Sep,1,16,13,,,,
cn6,6-Sep,1,10,11,1,15,17,
nn14,6-Sep,1,22,27,,,,
nn24,6-Sep,1,16,17,,,,
nn20,6-Sep,1,28,28,,,,
pc1,6-Sep,1,8,6,1,2,4,
kc35,6-Sep,1,14,20,,,,
nc32,6-Sep,1,20,17,,,,
cc31,6-Sep,1,11,11,1,10,9,
cc24,6-Sep,1,14,34,1,10,10,
cc18,6-Sep,1,6,15,1,6,7,
nc4,6-Sep,1,15,16,,,,
cc19,6-Sep,1,15,11,1,1,0,
pc19,6-Sep,1,19,19,,,,dead companion
pc7,6-Sep,1,14,15,,,,
nc31,6-Sep,1,10,5,,,,
kc2,6-Sep,1,9,32,,,,
cc37,6-Sep,1,3,1,1,14,9,
pc31,6-Sep,1,13,8,1,1,1,
kc12,6-Sep,1,12,9,,,,
cc33,6-Sep,1,6,11,1,7,13,
cc40,6-Sep,1,13,21,1,9,8,
nc19,6-Sep,1,13,18,,,,
cc25,6-Sep,1,0,25,1,7,17,
pc37,6-Sep,1,10,19,1,0,4,
pc4,6-Sep,1,12,11,1,1,6,
kc1,6-Sep,1,1,31,,,,
kc36,6-Sep,1,5,4,,,,
pc34,6-Sep,1,10,3,1,1,11,
kc6,6-Sep,1,8,23,,,,
nc24,6-Sep,1,12,8,,,,
kc32,6-Sep,1,9,8,,,,
cn23,7-Sep,1,5,11,1,16,15,
cn14,7-Sep,1,8,4,1,6,16,
kn24,7-Sep,1,13,11,,,,
pn10,7-Sep,1,14,11,,,,dead companion
pn5,7-Sep,1,6,40,1,1,4,
cn12,7-Sep,1,15,12,1,11,17,
pn28,7-Sep,1,15,11,,,,
kn30,7-Sep,1,11,10,,,,
nn32,7-Sep,1,17,21,,,,
pn17,7-Sep,1,9,10,1,2,0,
pn20,7-Sep,1,1,0,1,1,4,
pn27,7-Sep,1,7,11,,,,
pn1,7-Sep,1,6,10,1,1,0,
nn3,7-Sep,1,7,3,,,,
cn5,7-Sep,1,12,4,1,5,13,
cn2,7-Sep,1,1,4,1,9,12,
cn9,7-Sep,1,8,5,1,,28,
pn33,7-Sep,1,4,36,,,,dead companion
kn14,7-Sep,1,11,8,,,,
kn37,7-Sep,1,5,2,,,,
nn21,7-Sep,1,14,0,,,,
kn40,7-Sep,1,14,23,,,,
kn17,7-Sep,1,13,9,,,,
nn6,7-Sep,1,3,1,,,,
nn19,7-Sep,1,16,11,,,,
cn39,7-Sep,1,15,10,1,13,9,
cn4,7-Sep,1,14,15,1,12,7,
nc13,7-Sep,1,12,18,,,,
kc5,7-Sep,1,22,17,,,,
nc36,7-Sep,1,3,26,,,,
nc10,7-Sep,1,10,6,,,,
cc27,7-Sep,0,,,1,2,11,
pc3,7-Sep,0,,,1,6,3,
kc23,7-Sep,1,8,10,,,,
pc40,7-Sep,1,1,17,1,4,9,
pc24,7-Sep,1,8,2,,,,dead companion
nc37,7-Sep,1,7,13,,,,
cc38,7-Sep,1,9,12,1,15,7,
nc35,7-Sep,1,9,32,,,,
kc28,7-Sep,1,8,7,,,,
pc17,7-Sep,1,11,15,1,0,4,
cc13,7-Sep,1,2,20,1,3,8,
nc6,7-Sep,1,20,21,,,,
pn19,7-Sep,1,19,18,1,3,14,
nn18,7-Sep,1,9,33,,,,
kn27,7-Sep,1,11,16,,,,
kn32,7-Sep,1,7,10,,,,
cn24,7-Sep,1,12,11,1,5,0,
nn5,7-Sep,1,1,24,,,,
nn1,7-Sep,1,10,2,,,,
pn21,7-Sep,1,18,20,1,0,1,
pn29,7-Sep,1,7,35,1,3,27,
cc14,7-Sep,1,13,14,1,9,15,
nc3,7-Sep,1,15,15,,,,
nc16,7-Sep,1,11,9,,,,
pc32,7-Sep,1,11,16,,,,
nc38,7-Sep,1,10,25,,,,
cc20,7-Sep,1,9,5,1,10,13,
cc11,7-Sep,1,7,12,1,10,22,
pc20,7-Sep,1,8,8,1,1,2,
pc15,7-Sep,1,17,13,1,2,2,
pc29,7-Sep,1,14,25,1,2,2,
kc20,7-Sep,1,4,5,,,,
pc18,7-Sep,1,10,14,,,,dead companion
cc29,7-Sep,1,15,24,1,7,17,
pc2,7-Sep,1,17,5,,,,dead companion
pc11,7-Sep,1,9,13,,,,dead companion
nc34,7-Sep,1,17,7,1,6,5,
kc7,7-Sep,1,9,10,,,,
cc32,7-Sep,1,6,10,1,9,22,
pc38,7-Sep,1,0,4,,,,dead companion
cc12,7-Sep,1,8,16,1,16,3,
cc17,7-Sep,1,20,16,1,16,23,
pc10,7-Sep,1,12,11,1,11,7,
nc21,7-Sep,1,17,30,,,,
nc15,7-Sep,1,8,2,,,,
nc25,7-Sep,1,10,16,,,,
kc18,7-Sep,1,8,1,,,,
cc26,7-Sep,1,10,14,1,7,7,
cc8,7-Sep,1,1,13,1,12,9,
nc33,7-Sep,1,16,13,,,,
pc26,7-Sep,1,9,3,,,,dead companion
pc33,7-Sep,1,14,14,1,1,11,
pc22,7-Sep,1,7,0,1,2,0,
pc8,7-Sep,1,15,14,1,1,5,
pc35,7-Sep,1,12,11,,,,dead companion
nc7,7-Sep,1,15,13,,,,
cc5,7-Sep,1,3,22,1,11,8,
pc5,7-Sep,1,16,26,,,,dead companion
nc26,7-Sep,1,9,3,,,,
kc27,7-Sep,1,7,4,,,,
kc34,7-Sep,1,18,6,,,,
cc9,7-Sep,1,9,4,1,10,11,
pc14,7-Sep,1,6,7,1,1,4,
cc23,7-Sep,1,12,13,1,14,16,
nc20,7-Sep,1,18,16,,,,
cc35,7-Sep,1,4,2,1,3,17,
cc2,7-Sep,1,6,10,1,7,20,
cc22,7-Sep,1,12,21,1,1,33,
cc7,7-Sep,1,3,2,1,3,10,
nc29,7-Sep,1,19,12,,,,
kc4,7-Sep,1,13,11,,,,
pc12,7-Sep,1,27,30,1,5,5,
kc8,7-Sep,1,33,19,,,,
pc28,7-Sep,1,11,13,1,13,3,
kc10,7-Sep,1,12,10,,,,
pn26,11-Sep,1,2,,,,,dead companion
pn34,11-Sep,1,12,,1,1,,
kn38,11-Sep,1,22,,,,,
cn37,11-Sep,0,0,,1,5,,
cn19,11-Sep,1,9,,1,8,,
nn25,11-Sep,0,0,,,,,
pn32,11-Sep,1,7,,1,3,3,
kn10,11-Sep,1,12,,,,,
cn7,11-Sep,1,5,,1,16,,
pn18,11-Sep,1,2,,1,2,3,
kn33,11-Sep,1,11,,,,,
cn15,11-Sep,1,10,,1,13,,
cn31,11-Sep,1,2,,1,13,,
nn4,11-Sep,1,8,,,,,
cn27,11-Sep,1,19,,1,11,,
kn1,11-Sep,1,0,,,,,
nn16,11-Sep,1,16,,,,,
kn6,11-Sep,1,11,,,,,
pn9,11-Sep,1,13,,1,1,2,
cn22,11-Sep,1,21,,,,,
kn29,11-Sep,1,19,,,,,
cn8,11-Sep,1,10,,1,0,,
cn13,11-Sep,1,10,,1,8,,
cn36,11-Sep,1,7,,1,7,,
kn36,11-Sep,1,19,,,,,
cc1,11-Sep,1,5,,1,11,,
kc37,11-Sep,1,14,,,,,
nc12,11-Sep,1,18,,,,,
kc29,11-Sep,1,12,,,,,
kc11,11-Sep,1,10,,,,,
nc40,11-Sep,1,15,,,,,
nc18,11-Sep,1,9,,,,,
kc40,11-Sep,1,29,,,,,
kc14,11-Sep,1,6,,,,,
kc13,11-Sep,1,8,,,,,
cc3,11-Sep,1,1,,1,2,,
pc6,11-Sep,1,8,,1,2,3,
pc27,11-Sep,1,11,,1,2,,
cc6,11-Sep,1,5,,1,9,,
pc39,11-Sep,1,0,,1,10,4,
kc9,11-Sep,1,8,,,,,
kc3,11-Sep,1,7,,,,,
cn34,11-Sep,1,19,,1,10,,
pn22,11-Sep,1,16,,1,6,5,
kn31,11-Sep,1,17,,,,,
cn29,11-Sep,1,14,,1,12,,
nn35,11-Sep,1,3,,,,,
nn13,11-Sep,1,12,,,,,
pn4,11-Sep,1,31,,,,,
kn11,11-Sep,1,9,,,,,
pn15,11-Sep,1,16,,1,2,2,
cc15,11-Sep,1,8,,1,18,,
nc28,11-Sep,1,9,,,,,
nc39,11-Sep,1,17,,,,,
cc28,11-Sep,1,9,,1,15,,
kc19,11-Sep,1,14,,,,,
nc2,11-Sep,1,4,,,,,
kc30,11-Sep,1,4,,,,,
nc27,11-Sep,1,14,,,,,
cc21,11-Sep,1,11,,1,7,,
pc13,11-Sep,1,31,,1,4,4,
cc16,11-Sep,1,10,,1,3,,
pc25,11-Sep,1,26,,,,,dead companion
pc9,11-Sep,1,32,,,,,dead companion
kc26,11-Sep,1,18,,,,,
pc36,11-Sep,1,19,,,,,dead companion
cc34,11-Sep,1,9,,1,13,,
pc30,11-Sep,1,17,,1,2,,
nn17,11-Sep,1,18,,,,,
kn7,11-Sep,1,19,,,,,
kn12,11-Sep,1,14,,,,,
cn26,11-Sep,1,10,,1,4,,
kn9,11-Sep,1,16,,,,,
cn1,11-Sep,1,17,,1,10,,
nn26,11-Sep,1,13,,,,,
pn11,11-Sep,1,25,,,,,dead companion
nn12,11-Sep,1,13,,,,,
pn12,11-Sep,1,13,,,,,dead companion
nn27,11-Sep,1,13,,,,,
nn22,11-Sep,1,15,,,,,
cn33,11-Sep,1,9,,1,11,,
nn29,11-Sep,1,14,,,,,
nn31,11-Sep,1,10,,,,,
pn2,11-Sep,1,17,,1,1,,
kn25,11-Sep,1,17,,,,,
pn14,11-Sep,1,14,,1,0,2,
kn5,11-Sep,1,15,,,,,
pn38,11-Sep,1,22,,1,1,4,
cn16,11-Sep,1,9,,1,14,,
kn20,11-Sep,1,13,,,,,
nn40,11-Sep,1,12,,,,,
pn13,11-Sep,1,23,,,,,dead companion
pn24,11-Sep,1,24,,1,2,2,
pn25,11-Sep,1,8,,1,1,2,
nn11,11-Sep,1,10,,,,,
pn30,11-Sep,1,23,,,,,dead companion
pn3,11-Sep,1,24,,,,,dead companion
cn28,11-Sep,1,0,,1,13,,
nn15,11-Sep,1,2,,,,,
kn4,11-Sep,1,25,,,,,
nn8,11-Sep,1,22,,,,,
kn21,11-Sep,1,12,,,,,
pn31,11-Sep,1,16,,1,1,,
pn8,11-Sep,1,15,,1,5,4,
kc24,11-Sep,1,24,,,,,
nc1,11-Sep,1,14,,,,,
nc9,11-Sep,1,19,,,,,
pc23,11-Sep,1,9,,1,,,
kc17,11-Sep,1,13,,,,,
kc38,11-Sep,1,10,,,,,
cc4,11-Sep,1,1,,1,11,,
kc31,11-Sep,1,14,,,,,
pc21,11-Sep,1,16,,1,8,10,
kn34,11-Sep,1,11,,,,,
nn28,11-Sep,1,14,,,,,
cn3,11-Sep,1,13,,1,17,,
cn35,11-Sep,1,7,,1,19,,
cn20,11-Sep,1,1,,1,15,,
pn6,11-Sep,1,16,,1,3,5,
kn28,11-Sep,1,14,,,,,
pn39,11-Sep,1,9,,1,5,4,
kn18,11-Sep,1,7,,,,,
kn26,11-Sep,1,8,,,,,dead companion
nn37,11-Sep,1,23,,,,,
nn2,11-Sep,1,10,,,,,
kn19,11-Sep,1,6,,,,,
cn21,11-Sep,1,7,,1,3,,
pn40,11-Sep,1,13,,1,1,3,
kn16,11-Sep,1,29,,,,,
kc15,11-Sep,1,17,,,,,
kc25,11-Sep,1,1,,,,,
kc33,11-Sep,1,1,,,,,
kc21,11-Sep,1,17,,,,,
nc30,11-Sep,1,16,,,,,
cc30,11-Sep,1,7,,1,10,,
pc16,11-Sep,1,27,,1,3,4,
nc8,11-Sep,1,12,,,,,
nn7,11-Sep,1,19,,,,,
pn7,11-Sep,1,14,,,,,dead companion
cn11,11-Sep,1,11,,1,7,,
cn18,11-Sep,1,10,,1,3,,
pn23,11-Sep,1,11,,,,,dead companion
cn10,11-Sep,1,14,,1,3,,
cn30,11-Sep,1,10,,1,6,,
cn38,11-Sep,1,24,,1,11,,
nn33,11-Sep,1,15,,1,0,,
kn3,11-Sep,1,17,,,,,
cn32,11-Sep,1,7,,1,13,,
nn30,11-Sep,1,20,,,,,
nn34,11-Sep,1,25,,,,,
kn13,11-Sep,1,21,,,,,
kn8,11-Sep,1,23,,,,,
kn22,11-Sep,1,9,,,,,
pn37,11-Sep,1,11,,1,2,,
pn35,11-Sep,1,14,,1,2,5,
kc39,12-Sep,1,22,,,,,
cc10,12-Sep,1,3,,1,15,,
cc39,12-Sep,1,13,,1,7,,
kc32,12-Sep,1,1,,,,,
cc36,12-Sep,1,13,,1,4,,
kc16,12-Sep,1,12,,,,,
nc5,12-Sep,1,9,,,,,
nc22,12-Sep,1,20,,,,,
nc17,12-Sep,1,17,,,,,
cn17,12-Sep,1,8,,1,7,,
nn23,12-Sep,1,13,,,,,
pn16,12-Sep,1,0,,1,3,16,
nn36,12-Sep,1,12,,,,,
kn23,12-Sep,1,16,,,,,
kn15,12-Sep,1,2,,,,,
kn2,12-Sep,1,3,,,,,
nn10,12-Sep,1,12,,,,,
cn40,12-Sep,1,5,,1,8,,
nn9,12-Sep,1,11,,,,,
kn35,12-Sep,1,2,,,,,
nn20,12-Sep,1,26,,,,,
nn14,12-Sep,1,24,,,,,
nn24,12-Sep,1,15,,,,,
cn6,12-Sep,1,15,,1,7,,
nn39,12-Sep,1,14,,,,,
cn25,12-Sep,1,19,,1,9,,
nn38,12-Sep,1,1,,,,,
pc1,12-Sep,1,16,,1,0,1,
kc35,12-Sep,1,17,,,,,
nc32,12-Sep,1,14,,,,,
cc24,12-Sep,1,8,,1,8,,
nc4,12-Sep,1,16,,,,,
cc31,12-Sep,1,5,,1,8,,
pc19,12-Sep,1,14,,,,,dead companion
cc18,12-Sep,1,4,,1,6,,
cc19,12-Sep,1,19,,1,3,,
pc7,12-Sep,1,8,,1,2,3,
cc40,12-Sep,1,7,,1,8,,
nc19,12-Sep,1,6,,,,,
cc33,12-Sep,1,6,,1,4,,
kc2,12-Sep,1,4,,,,,
pc31,12-Sep,1,12,,1,4,6,
nc31,12-Sep,1,15,,,,,
cc37,12-Sep,1,9,,1,9,11,
kc12,12-Sep,1,15,,,,,
pc4,12-Sep,1,12,,1,3,11,
pc37,12-Sep,1,21,,1,4,10,
cc25,12-Sep,1,0,,1,3,,
pc34,12-Sep,1,18,,1,1,4,
kc36,12-Sep,1,11,,,,,
kc1,12-Sep,1,0,,,,,
kc22,12-Sep,1,11,,,,,
nc24,12-Sep,1,13,,,,,
kc6,12-Sep,1,15,,,,,
nn9,12-Sep,1,11,,,,,
kn35,12-Sep,1,2,,,,,
nn20,12-Sep,1,26,,,,,
nn14,12-Sep,1,24,,,,,
nn24,12-Sep,1,15,,,,,
cn6,12-Sep,1,15,,1,7,,
nn39,12-Sep,1,14,,,,,
cn25,12-Sep,1,19,,1,9,,
nn38,12-Sep,1,1,,,,,
pc1,12-Sep,1,16,,1,0,1,
kc35,12-Sep,1,17,,,,,
nc32,12-Sep,1,14,,,,,
cc24,12-Sep,1,8,,1,8,,
nc4,12-Sep,1,16,,,,,
cc31,12-Sep,1,5,,1,8,,
pc19,12-Sep,1,14,,,,,
cc18,12-Sep,1,4,,1,6,,
cc19,12-Sep,1,19,,1,3,,
pc7,12-Sep,1,8,,1,2,3,
cc40,12-Sep,1,7,,1,8,,
nc19,12-Sep,1,6,,,,,
cc33,12-Sep,1,6,,1,4,,
kc2,12-Sep,1,4,,,,,
pc31,12-Sep,1,12,,1,4,6,
nc31,12-Sep,1,15,,,,,
cc37,12-Sep,1,9,,1,9,,
kc12,12-Sep,1,15,,,,,
pc4,12-Sep,1,12,,1,3,11,
pc37,12-Sep,1,21,,1,4,10,
cc25,12-Sep,1,0,,1,3,,
pc34,12-Sep,1,18,,1,1,4,
kc36,12-Sep,1,11,,,,,
kc1,12-Sep,1,0,,,,,
kc22,12-Sep,1,11,,,,,
nc24,12-Sep,1,13,,,,,
kc6,12-Sep,1,15,,,,,
kn30,12-Sep,1,17,,,,,
pn28,12-Sep,1,7,,,,,dead companion
cn23,12-Sep,1,7,,1,18,,
nn32,12-Sep,1,15,,,,,
cn12,12-Sep,1,11,,1,10,,
kn24,12-Sep,1,20,,,,,
pn5,12-Sep,1,10,,1,1,,
pn10,12-Sep,1,9,,,,,dead companion
cn14,12-Sep,1,7,,1,10,,
pn35,12-Sep,1,0,,,,,dead companion
pn1,12-Sep,1,5,,1,2,6,
cn9,12-Sep,1,4,,1,0,,
cn2,12-Sep,1,0,,1,11,,
pn27,12-Sep,1,12,,1,0,3,
pn20,12-Sep,1,4,,,2,,
nn3,12-Sep,1,6,,,,,
pn17,12-Sep,1,14,,1,1,3,
cn4,12-Sep,1,2,,1,11,,
kn17,12-Sep,1,14,,,,,
kn37,12-Sep,1,8,,,,,
cn39,12-Sep,1,6,,1,7,,
nn21,12-Sep,1,13,,,,,
nn6,12-Sep,1,8,,,,,
kn40,12-Sep,1,10,,,,,
kn14,12-Sep,1,11,,,,,
nn19,12-Sep,1,19,,,,,
nc10,12-Sep,1,15,,,,,
cc27,12-Sep,1,5,,1,0,,
pc40,12-Sep,1,0,,1,3,4,
kc23,12-Sep,1,8,,,,,
pc24,12-Sep,1,8,,,,,dead companion
kc5,12-Sep,1,9,,,,,
nc36,12-Sep,1,0,,,,,
nc13,12-Sep,1,8,,,,,
cc13,12-Sep,1,0,,1,5,,
nc6,12-Sep,1,8,,,,,
pc17,12-Sep,1,2,,1,2,1,
kc28,12-Sep,1,10,,,,,
nc35,12-Sep,1,3,,,,,
cc38,12-Sep,1,5,,1,11,,
nc37,12-Sep,1,11,,,,,
kn32,12-Sep,1,2,,,,,
nn5,12-Sep,1,1,,,,,
nn1,12-Sep,1,10,,,,,
kn27,12-Sep,1,6,,,,,
pn21,12-Sep,1,14,,1,2,,
cn24,12-Sep,1,4,,1,5,,
pn19,12-Sep,1,9,,1,1,5,
pn29,12-Sep,1,0,,1,7,12,
nn18,12-Sep,1,3,,,,,
cc11,12-Sep,1,11,,1,2,,
pc15,12-Sep,1,15,,1,1,,
pc32,12-Sep,1,5,,1,1,,
nc38,12-Sep,1,2,,,,,
pc20,12-Sep,1,2,,1,1,,
cc14,12-Sep,1,3,,1,5,,
nc3,12-Sep,1,8,,,,,
cc20,12-Sep,1,4,,1,1,,
nc16,12-Sep,1,5,,,,,
cc29,12-Sep,1,4,,1,0,,
pc2,12-Sep,1,9,,,,,dead companion
kc7,12-Sep,1,15,,,,,
pc18,12-Sep,1,0,,,,,dead companion
pc11,12-Sep,1,0,,,,,dead companion
cc32,12-Sep,1,6,,1,2,,
pc29,12-Sep,1,11,,1,2,,
kc20,12-Sep,1,6,,,,,
nc34,12-Sep,1,7,,1,4,,actually planted as cc
pc38,12-Sep,1,0,,,,,dead companion
nc15,12-Sep,1,5,,,,,
nc25,12-Sep,1,9,,,,,
nc21,12-Sep,1,8,,,,,
cc12,12-Sep,1,7,,1,7,,
cc17,12-Sep,1,4,,1,4,,
pc10,12-Sep,1,7,,1,1,6,
cc26,12-Sep,1,8,,1,6,,
pc26,12-Sep,1,0,,,,,dead companion
pc8,12-Sep,1,14,,1,1,2,
pc35,12-Sep,1,0,,,,,dead companion
cc8,12-Sep,1,0,,1,16,,
pc33,12-Sep,1,13,,1,5,11,
nc33,12-Sep,1,12,,,,,
nc7,12-Sep,1,17,,,,,
pc22,12-Sep,1,0,,,,,dead companion
cc5,12-Sep,1,0,,1,18,,
cc35,12-Sep,1,7,,1,4,,
nc20,12-Sep,1,11,,,,,
cc23,12-Sep,1,10,,1,7,,
kc27,12-Sep,1,,,,,,not koeleria
nc34,12-Sep,1,19,,,,,
pc14,12-Sep,1,8,,1,1,1,
pc5,12-Sep,1,0,,,,,dead companion
nc26,12-Sep,1,18,,,,,
cc9,12-Sep,1,11,,1,11,,
cc2,12-Sep,1,7,,1,2,,
cc22,12-Sep,1,16,,1,2,,
cc7,12-Sep,1,4,,1,1,,
nc29,12-Sep,1,11,,,,,
kc4,12-Sep,1,9,,,,,
pc12,12-Sep,1,16,,1,5,5,
kc8,12-Sep,1,26,,,,,
pc28,12-Sep,1,20,,1,2,,
kc10,12-Sep,1,13,,,,,
pn14,18-Sep,1,4,,1,0,  ,
cn33,18-Sep,1,1,,1,0,,
nn29,18-Sep,1,4,,,,,
pn2,18-Sep,1,5,,1,0,5,
nn11,18-Sep,1,4,,,,,
pn24,18-Sep,1,4,,1,0,8,
kn5,18-Sep,1,3,,,,,
kn20,18-Sep,1,2,,,,,
cn16,18-Sep,1,4,,1,1,,
pn38,18-Sep,1,2,,1,2,15,
kn4,18-Sep,1,5,,,,,
pn8,18-Sep,1,6,,1,3,,
kn21,18-Sep,1,3,,,,,
pn31,18-Sep,1,2,,1,3,,
nc27,18-Sep,1,5,,,,,
cc28,18-Sep,1,0,,1,2,,
nc39,18-Sep,1,9,,,,,
kc26,18-Sep,1,2,,,,,
cc34,18-Sep,1,0,,1,4,,
cc21,18-Sep,1,6,,,,,
pc13,18-Sep,1,15,,1,1,,
cc16,18-Sep,1,1,,1,0,,
cn1,18-Sep,1,1,,1,5,,
nn17,18-Sep,1,1,,,,,
nn12,18-Sep,1,4,,,,,
kn12,18-Sep,1,2,,,,,
kn7,18-Sep,1,13,,,,,
cn26,18-Sep,1,3,,1,1,,
nn26,18-Sep,1,3,,,,,
kn9,18-Sep,1,6,,,,,
kc40,18-Sep,1,10,,,,,
nc40,18-Sep,1,2,,,,,
nc12,18-Sep,1,2,,,,,
kc29,18-Sep,1,4,,,,,
kc37,18-Sep,1,12,,,,,
cc1,18-Sep,1,0,,1,2,,
nc18,18-Sep,1,3,,,,,
pc39,18-Sep,1,0,,1,10,,
cc6,18-Sep,1,1,,1,2,,
nc14,18-Sep,1,3,,,,,
kc13,18-Sep,1,3,,,,,
pc6,18-Sep,1,6,,1,2,,
cn29,18-Sep,1,3,,1,3,,
pn15,18-Sep,1,8,,1,2,,
kn31,18-Sep,1,8,,,,,
kn11,18-Sep,1,9,,,,,
pn22,18-Sep,1,1,,1,8,,
cn34,18-Sep,1,3,,1,8,,
kn10,18-Sep,1,8,,,,,
pn32,18-Sep,1,2,,1,7,,
nn25,18-Sep,1,3,,,,,
kn38,18-Sep,1,2,,,,,
pn34,18-Sep,1,1,,1,0,1,
cn19,18-Sep,1,2,,1,0,,
cn31,18-Sep,1,0,,1,1,,
kn33,18-Sep,1,6,,,,,
cn15,18-Sep,1,3,,1,3,,
nn16,18-Sep,1,10,,,,,
kn6,18-Sep,1,7,,,,,
pn9,18-Sep,1,2,,1,5,,
kn36,18-Sep,1,1,,,,,
cn8,18-Sep,1,3,,1,0,,
cn22,18-Sep,1,6,,,,,planted with koeleria
kn29,18-Sep,1,4,,,,,
cc4,18-Sep,1,0,,1,11,,
kc24,18-Sep,1,9,,,,,
kc38,18-Sep,1,1,,,,,
pc23,18-Sep,1,2,,1,3,,
kc17,18-Sep,1,2,,,,,
nc9,18-Sep,1,6,,,,,
pc21,18-Sep,1,6,,1,3,,
nn28,18-Sep,1,3,,,,,
cn3,18-Sep,1,7,,1,3,,
kn34,18-Sep,1,5,,,,,
kn28,18-Sep,1,3,,,,,
cn20,18-Sep,1,0,,1,3,,
pn6,18-Sep,1,1,,1,3,,
pn40,18-Sep,1,3,,1,1,,
nn37,18-Sep,1,3,,,,,
kn19,18-Sep,1,4,,,,,
kn16,18-Sep,1,0,,,,, 
cn21,18-Sep,1,4,,1,0,,
pn39,18-Sep,1,7,,1,7,,
nn2,18-Sep,1,1,,,,,
kn18,18-Sep,1,3,,,,,
cn10,18-Sep,1,3,,1,1,,
cn38,18-Sep,1,2,,1,0,,
cn32,18-Sep,1,0,,1,1,,
kn13,18-Sep,1,4,,,,,
pn37,18-Sep,1,2,,1,0,,
pn35,18-Sep,1,11,,1,0,,
kn8,18-Sep,1,3,,,,,
nn34,18-Sep,1,4,,,,,
kn3,18-Sep,1,5,,,,,
nc17,18-Sep,1,4,,,,,
kc32,18-Sep,1,1,,,,,
nc22,18-Sep,1,2,,,,,
nc5,18-Sep,1,1,,,,,
kc39,18-Sep,1,6,,,,,
cc39,18-Sep,1,4,,1,1,,
cc10,18-Sep,1,1,,1,5,,
cc36,18-Sep,1,1,,1,1,,
cn17,18-Sep,1,0,,3,,,
kn23,18-Sep,1,3,,,,,
nn23,18-Sep,1,3,,,,,
nn10,18-Sep,1,8,,,,,
pn16,18-Sep,1,0,,1,2,,
cn40,18-Sep,1,1,,1,1,,
nn20,18-Sep,1,6,,,,,
cn6,18-Sep,1,5,,,,,
nn24,18-Sep,1,5,,,,,
cn25,18-Sep,1,8,,1,0,,
nn9,18-Sep,1,4,,,,,
nn14,18-Sep,1,2,,,,,
pc1,18-Sep,1,5,,,,,
cc24,18-Sep,1,0,,1,2,,
cc19,18-Sep,1,3,,1,3,,
kc35,18-Sep,1,2,,,,,
nc4,18-Sep,1,6,,,,,
cc31,18-Sep,1,1,,,,,
pc31,18-Sep,1,10,,,,,
kc12,18-Sep,1,7,,,,,
cc33,18-Sep,1,0,,1,1,,
nc31,18-Sep,1,6,,,,,
cc37,18-Sep,1,7,,,,,
pc7,18-Sep,1,2,,1,4,,
pc4,18-Sep,1,2,,1,2,,
kc22,18-Sep,1,2,,,,,
pc37,18-Sep,1,0,,1,6,,
pc34,18-Sep,1,5,,1,1,,
nc24,18-Sep,1,1,,,,,
kc36,18-Sep,1,6,,,,,
kc6,18-Sep,1,6,,,,,
cc25,18-Sep,1,0,,1,2,,
cn39,18-Sep,1,9,,1,0,,
cn4,18-Sep,1,0,,1,2,,
kn17,18-Sep,1,5,,,,,
nn21,18-Sep,1,12,,,,,
nn19,18-Sep,1,1,,,,,
kn14,18-Sep,1,2,,,,,
kn37,18-Sep,1,6,,,,,
nn6,18-Sep,1,5,,,,,
cn2,18-Sep,1,0,,1,2,,
cn5,18-Sep,1,2,,1,0,,
pn1,18-Sep,1,0,,1,13,,
pn20,18-Sep,1,4,,1,3,,
pn27,18-Sep,1,2,,1,6,,
pn17,18-Sep,1,5,,1,3,,
kn24,18-Sep,1,4,,,,,
kn30,18-Sep,1,2,,,,,
nn32,18-Sep,1,4,,,,,
cn12,18-Sep,1,0,,1,1,,
cn23,18-Sep,1,3,,1,1,,
cn14,18-Sep,1,2,,1,2,,
nc13,18-Sep,1,2,,,,,
kc23,18-Sep,1,2,,,,,
cc27,18-Sep,1,1,,1,0,,
nc10,18-Sep,1,6,,,,,
kc5,18-Sep,1,2,,,,,
cc13,18-Sep,1,0,,1,1,,
nc37,18-Sep,1,1,,,,,
pc17,18-Sep,1,0,,1,2,,
nn1,18-Sep,1,2,,,,,
cn24,18-Sep,1,1,,1,3,,
nc3,18-Sep,1,1,,,,,
cc11,18-Sep,1,0,,1,2,,
pc15,18-Sep,1,5,,1,0,,
nc16,18-Sep,1,1,,,,,
cc14,18-Sep,1,0,,1,3,,
kc7,18-Sep,1,3,,,,,
cc12,18-Sep,1,0,,1,1,,
cc26,18-Sep,1,1,,1,2,,
cc8,18-Sep,1,1,,1,4,,
pc33,18-Sep,1,6,,1,3,,
pc22,18-Sep,1,5,,1,0,,
nc7,18-Sep,1,3,,1,0,,
cc5,18-Sep,1,0,,1,4,,
nc26,18-Sep,1,10,,,,,
nc20,18-Sep,1,1,,,,,
kc34,18-Sep,1,8,,,,,
pc14,18-Sep,1,1,,1,0,,
cc23,18-Sep,1,2,,1,1,,
pc28,18-Sep,1,5,,,,,
nc29,18-Sep,1,2,,,,,
pc12,18-Sep,1,2,,1,1,,
kc10,18-Sep,1,3,,,,,
nn29,20-Sep,1,2,,,,,
cn16,20-Sep,1,3,,1,1,,
pn24,20-Sep,1,1,,1,0,,
pn38,20-Sep,1,0,,1,1,,
nn11,20-Sep,1,6,,,,,
kn4,20-Sep,1,2,,,,,
pn8,20-Sep,1,3,,1,2,,
kn21,20-Sep,1,3,,,,,
nc27,20-Sep,1,3,,,,,
nc39,20-Sep,1,8,,,,,
pc13,20-Sep,1,17,,1,1,,
kn12,20-Sep,1,1,,,,,
cn26,20-Sep,1,1,,1,0,,
kn7,20-Sep,1,9,,,,,
cn1,20-Sep,1,2,,1,0,,
nn26,20-Sep,1,3,,,,,
nc40,20-Sep,1,1,,,,,
kc40,20-Sep,1,3,,,,,
kc37,20-Sep,1,5,,,,,
nc18,20-Sep,1,3,,,,,
kc13,20-Sep,1,1,,,,,
cc6,20-Sep,1,2,,1,2,,
pc39,20-Sep,1,0,,1,7,,
pc6,20-Sep,1,5,,1,0,,
nc14,20-Sep,1,6,,,,,
cn34,20-Sep,1,1,,1,6,,
pn15,20-Sep,1,2,,1,4,,
kn31,20-Sep,1,4,,,,,
cn29,20-Sep,1,4,,1,6,,
pn22,20-Sep,1,0,,1,3,,
kn11,20-Sep,1,3,,,,,
nn25,20-Sep,1,5,,,,,
kn10,20-Sep,1,9,,,,,
cn19,20-Sep,1,2,,,,,
kn33,20-Sep,1,6,,,,,
cn15,20-Sep,1,4,,,,,
nn16,20-Sep,1,7,,,,,
kn6,20-Sep,1,8,,,,,
pn8,20-Sep,1,2,,,,,
pn9,20-Sep,1,0,,1,3,,
cn8,20-Sep,1,2,,1,0,,
kn36,20-Sep,1,1,,,,,
cn22,20-Sep,1,3,,,,,
cn36,20-Sep,1,1,,1,0,,
kn29,20-Sep,1,3,,,,,
kc24,20-Sep,1,2,,,,,
kc38,20-Sep,1,1,,,,,
cc4,20-Sep,1,0,,1,12,,
kc17,20-Sep,1,2,,,,,
nc9,20-Sep,1,3,,,,,
pc23,20-Sep,1,5,,1,2,,
pc21,20-Sep,1,4,,1,2,,
cn20,20-Sep,1,0,,1,3,,
cn3,20-Sep,1,3,,1,0,,
kn34,20-Sep,1,1,,,,,
nn28,20-Sep,1,2,,,,,
cn21,20-Sep,1,3,,1,0,,
nn2,20-Sep,1,1,,,,,
pn40,20-Sep,1,1,,,,,
pn39,20-Sep,1,4,,1,2,,
kn18,20-Sep,1,3,,,,,
kn19,20-Sep,1,3,,,,,
kc21,20-Sep,1,1,,,,,
pc16,20-Sep,1,1,,1,0,,
nc8,20-Sep,1,2,,,,,
cn38,20-Sep,1,3,,,,,
cn32,20-Sep,1,0,,1,1,,
pn37,20-Sep,1,1,,1,0,,
kn8,20-Sep,1,2,,,,,
kn3,20-Sep,1,3,,,,,
pn35,20-Sep,1,11,,1,0,,
kc32,20-Sep,1,1,,,,,
nc22,20-Sep,1,1,,,,,
nc17,20-Sep,1,3,,,,,
cc39,20-Sep,1,1,,1,1,,
cc10,20-Sep,1,0,,1,2,,
kc39,20-Sep,1,2,,,,,
kn23,20-Sep,1,2,,,,,
nn10,20-Sep,1,4,,,,,
cn17,20-Sep,1,0,,1,3,,
nn23,20-Sep,1,4,,,,,
nn14,20-Sep,1,1,,,,,
cn25,20-Sep,1,4,,,,,
nn9,20-Sep,1,3,,,,,
cn6,20-Sep,1,2,,1,0,,
nn38,20-Sep,1,1,,,,,
nn20,20-Sep,1,4,,,,,
cc24,20-Sep,1,0,,1,1,,
nc32,20-Sep,1,1,,,,,
cc19,20-Sep,1,1,,1,4,,
nc4,20-Sep,1,3,,,,,
cc18,20-Sep,1,0,,1,2,,
pc1,20-Sep,1,3,,1,0,,
pc7,20-Sep,1,0,,1,3,,
cc33,20-Sep,1,0,,1,1,,
cc37,20-Sep,1,2,,1,1,,
pc31,20-Sep,1,9,,1,2,,
kc12,20-Sep,1,3,,,,,
kc22,20-Sep,1,1,,,,,
pc4,20-Sep,1,1,,1,0,,
pc34,20-Sep,1,1,,1,0,,
cc25,20-Sep,1,0,,1,2,,
kc6,20-Sep,1,1,,,,,
nc24,20-Sep,1,1,,,,,
kc36,20-Sep,1,3,,,,,
pn20,20-Sep,1,5,,1,0,,
pn17,20-Sep,1,2,,1,1,,
pn1,20-Sep,1,0,,1,9,,
kn24,20-Sep,1,3,,,,,
nn32,20-Sep,1,1,,,,,
cn23,20-Sep,1,1,,1,0,,
cn14,20-Sep,1,3,,1,0,,
cn39,20-Sep,1,0,,1,8,,
cn4,20-Sep,1,0,,1,1,,
nn21,20-Sep,1,9,,,,,
kn37,20-Sep,1,5,,,,,
kn17,20-Sep,1,2,,,,,
nn19,20-Sep,1,2,,,,,
nn6,20-Sep,1,8,,,,,
nc13,20-Sep,1,3,,,,,
kc23,20-Sep,1,3,,,,,
cc27,20-Sep,1,2,,1,0,,
nc10,20-Sep,1,7,,,,,
kc28,20-Sep,1,1,,,,,
cn24,20-Sep,1,0,,1,1,,
cc14,20-Sep,1,1,,1,0,,
pc20,20-Sep,1,1,,1,0,,
pc15,20-Sep,1,2,,1,0,,
cc11,20-Sep,1,1,,1,0,,
kc7,20-Sep,1,1,,,,,
pc10,20-Sep,1,1,,1,0,,
cc26,20-Sep,1,0,,1,1,,
cc8,20-Sep,1,0,,1,5,,
cc5,20-Sep,1,0,,1,4,,
nc7,20-Sep,1,1,,,,,
pc33,20-Sep,1,3,,1,0,,
cc23,20-Sep,1,1,,1,0,,
nc20,20-Sep,1,1,,,,,
nc26,20-Sep,1,9,,,,,
kc34,20-Sep,1,3,,,,,
pc12,20-Sep,1,1,,1,0,,
kc10,20-Sep,1,5,,,,,
pc28,20-Sep,1,3,,1,0,,
pn24,25-Sep,1,1,,1,0,,may be pn29?
nn11,25-Sep,1,1,,,,,
kn21,25-Sep,1,6,,,,,
pn8,25-Sep,1,2,,1,0,,
cn16,25-Sep,1,1,,1,0,,
cn26,25-Sep,1,1,,1,0,,
kn9,25-Sep,1,2,,,,,
kc26,25-Sep,1,1,,,,,
nc40,25-Sep,1,1,,,,,
kc29,25-Sep,1,1,,,,,
cc1,25-Sep,1,0,,1,2,,
nc18,25-Sep,1,1,,,,,
kc40,25-Sep,1,1,,,,,
pc6,25-Sep,1,2,,1,0,,
cc6,25-Sep,1,0,,1,1,,
nc14,25-Sep,1,3,,,,,
kc13,25-Sep,1,1,,,,,
pn15,25-Sep,1,3,,1,0,,
pn22,25-Sep,1,1,,,,,
cn29,25-Sep,1,1,,1,0,,
kn11,25-Sep,1,2,,,,,
kn31,25-Sep,1,1,,,,,
pc39,25-Sep,1,0,,1,1,,
kn29,25-Sep,1,1,,,,,
kn33,25-Sep,1,3,,,,,
cn15,25-Sep,1,0,,1,5,,
pn18,25-Sep,1,2,,1,0,,
kn6,25-Sep,1,4,,,,,
nn16,25-Sep,1,5,,,,,
nn4,25-Sep,1,1,,,,,
nn25,25-Sep,1,1,,,,,
kn10,25-Sep,1,1,,,,,
cn37,25-Sep,1,2,,1,0,,
pn34,25-Sep,1,1,,1,0,,
kc38,25-Sep,1,2,,,,,
kc17,25-Sep,1,4,,,,,
cc4,25-Sep,1,0,,1,8,,
nc9,25-Sep,1,3,,,,,
pn6,25-Sep,1,1,,1,0,,
cn35,25-Sep,1,3,,1,0,,
cn20,25-Sep,1,0,,1,5,,
cn21,25-Sep,1,0,,1,6,,
nn2,25-Sep,1,1,,,,,
kn18,25-Sep,1,1,,,,,
pn39,25-Sep,1,8,,1,0,,
cc30,25-Sep,1,1,,1,0,,
pn16,25-Sep,1,3,,1,0,,
kn3,25-Sep,1,1,,,,,
pn35,25-Sep,1,7,,1,0,,
nn10,25-Sep,1,19,,,,,
cn17,25-Sep,1,0,,1,2,,
nn38,25-Sep,1,1,,,,,
nn24,25-Sep,1,2,,,,,
cn6,25-Sep,1,6,,1,0,,
nc4,25-Sep,1,1,,,,,
cc19,25-Sep,1,1,,1,0,,
cc18,25-Sep,1,0,,1,4,,
cc31,25-Sep,1,1,,1,0,,
pc1,25-Sep,1,4,,1,0,,
cc33,25-Sep,1,0,,1,2,,
kc2,25-Sep,1,1,,,,,
nc19,25-Sep,1,1,,,,,
kc12,25-Sep,1,1,,,,,
cc37,25-Sep,1,1,,1,6,,
cc25,25-Sep,1,0,,1,1,,
kc36,25-Sep,1,1,,,,,
pc4,25-Sep,1,2,,1,0,,
kn24,25-Sep,1,1,,,,,
pn20,25-Sep,1,2,,1,0,,
cn2,25-Sep,1,1,,1,0,,
pn27,25-Sep,1,1,,1,0,,
nn6,25-Sep,1,3,,,,,
cn39,25-Sep,1,1,,1,2,,
nn19,25-Sep,1,10,,,,,
nc10,25-Sep,1,5,,,,,
kc5,25-Sep,1,5,,,,,
kc23,25-Sep,1,2,,,,,
pc15,25-Sep,1,2,,1,0,,
cc14,25-Sep,1,3,,1,0,,
nc3,25-Sep,1,2,,,,,
cc11,25-Sep,1,1,,1,0,,
nc34,25-Sep,1,0,,1,1,,over planted
cc12,25-Sep,1,0,,1,1,,
pc10,25-Sep,1,6,,1,0,,
cc26,25-Sep,1,0,,1,4,,
pc33,25-Sep,1,2,,1,0,,
cc8,25-Sep,1,0,,1,4,,
nc26,25-Sep,1,2,,,,,
nc20,25-Sep,1,1,,,,,
kc34,25-Sep,1,5,,,,,
kc10,25-Sep,1,7,,,,,
pc12,25-Sep,1,2,,1,0,,
pn2,29-Sep,1,16,,1,0,,
nn27,29-Sep,1,6,,,,,
nn29,29-Sep,1,6,,,,,
nn22,29-Sep,1,5,,,,,
pn14,29-Sep,1,18,,1,0,,
kn5,29-Sep,1,5,,,,,
kn20,29-Sep,1,4,,,,,
cn16,29-Sep,1,0,,1,2,,
nn40,29-Sep,1,3,,,,,
nn11,29-Sep,1,117,,,,,
kn21,29-Sep,1,15,,,,,
pn31,29-Sep,1,11,,1,0,,
pn8,29-Sep,1,24,,1,0,,
nn8,29-Sep,1,8,,,,,
nn15,29-Sep,1,5,,,,,
nc39,29-Sep,1,12,,,,,
kc19,29-Sep,1,1,,,,,
nc27,29-Sep,1,24,,,,,
cc34,29-Sep,1,0,,1,8,,
pc30,29-Sep,1,28,,1,0,,
kc26,29-Sep,1,2,,,,,
cc21,29-Sep,1,4,,1,14,,
kn9,29-Sep,1,14,,,,,
nn26,29-Sep,1,23,,,,,
cn26,29-Sep,1,1,,1,0,,
nc40,29-Sep,1,16,,,,,
kc29,29-Sep,1,13,,,,,
cc1,29-Sep,1,0,,1,6,,
kc37,29-Sep,1,3,,,,,
kc11,29-Sep,1,4,,,,,
nc18,29-Sep,1,25,,,,,
nc14,29-Sep,1,10,,,,,
cc6,29-Sep,1,0,,1,12,,
kc13,29-Sep,1,11,,,,,
pc6,29-Sep,1,14,,1,0,,
cn29,29-Sep,1,4,,1,0,,
pn15,29-Sep,1,11,,1,0,,
kn11,29-Sep,1,17,,,,,
pn22,29-Sep,1,5,,1,0,,
kn10,29-Sep,1,5,,,,,
pn34,29-Sep,1,15,,1,0,,
nn25,29-Sep,1,14,,,,,
cn19,29-Sep,1,4,,1,0,,
cn37,29-Sep,1,5,,1,0,,
kn38,29-Sep,1,18,,,,,
kn1,29-Sep,1,1,,,,,
pn18,29-Sep,1,20,,1,0,,
cn31,29-Sep,1,0,,1,17,,
kn33,29-Sep,1,5,,,,,
nn16,29-Sep,1,1,,,,,
nn4,29-Sep,1,2,,,,,
cn15,29-Sep,1,0,,1,7,,
kn6,29-Sep,1,7,,,,,
cn36,29-Sep,1,1,,1,0,,
cn8,29-Sep,1,10,,1,0,,
kc31,29-Sep,1,7,,,,,
pc21,29-Sep,1,19,,1,0,,
kc24,29-Sep,1,2,,1,0,,
kc17,29-Sep,1,8,,,,,
cc4,29-Sep,1,0,,1,17,,
kc38,29-Sep,1,26,,,,,
nc9,29-Sep,1,13,,,,,
kn28,29-Sep,1,5,,,,,
kn34,29-Sep,1,2,,,,,
cn3,29-Sep,1,1,,1,14,,
cn20,29-Sep,1,0,,1,17,,
cn35,29-Sep,1,13,,1,0,,
pn6,29-Sep,1,28,,1,0,,
pn40,29-Sep,1,7,,1,0,,
pn39,29-Sep,1,10,,1,0,,
kn18,29-Sep,1,10,,,,,
kn19,29-Sep,1,7,,,,,
cn21,29-Sep,1,3,,1,20,,
nc30,29-Sep,1,11,,,,,
cc30,29-Sep,1,15,,1,0,,
nn33,29-Sep,1,3,,,,,
cn10,29-Sep,1,0,,1,10,,
cn30,29-Sep,1,0,,1,13,,
pn35,29-Sep,1,1,,1,0,,
cn32,29-Sep,1,0,,1,1,,
nn34,29-Sep,1,17,,,,,
kn13,29-Sep,1,7,,,,,
nn30,29-Sep,1,4,,,,,
kn8,29-Sep,1,2,,,,,
nc22,29-Sep,1,3,,,,,
kc32,29-Sep,1,2,,,,,
kn15,29-Sep,1,11,,,,,
cn40,29-Sep,1,3,,1,0,,
kn23,29-Sep,1,3,,,,,
nn10,29-Sep,1,18,,,,,
nn23,29-Sep,1,5,,,,,
nn36,29-Sep,1,15,,,,,
nn9,29-Sep,1,7,,,,,
nn24,29-Sep,1,17,,,,,
nn20,29-Sep,1,6,,,,,
cn6,29-Sep,1,8,,1,2,,
nc4,29-Sep,1,4,,,,,
cc18,29-Sep,1,0,,1,7,,
pc1,29-Sep,1,20,,1,0,,
cc31,29-Sep,1,0,,1,4,,
cc19,29-Sep,1,5,,1,7,,
nc31,29-Sep,1,2,,,,,
nc19,29-Sep,1,31,,,,,
pc31,29-Sep,1,13,,1,0,,
kc12,29-Sep,1,10,,,,,
cc33,29-Sep,1,2,,1,2,,
cc37,29-Sep,1,6,,1,11,,
kc2,29-Sep,1,12,,,,,
pc34,29-Sep,1,4,,1,0,,
pc37,29-Sep,1,2,,1,0,,
cc25,29-Sep,1,0,,1,8,,
kc28,29-Sep,1,2,,,,,
nc24,29-Sep,1,8,,,,,
pc4,29-Sep,1,6,,1,0,,
nn32,29-Sep,1,26,,,,,
kn24,29-Sep,1,17,,,,,
pn17,29-Sep,1,1,,1,0,,
pn20,29-Sep,1,3,,1,0,,
cn9,29-Sep,1,17,,1,2,,
cn2,29-Sep,1,16,,1,0,,
pn27,29-Sep,1,2,,1,0,,
cn4,29-Sep,1,0,,1,3,,
cn39,29-Sep,1,4,,1,3,,
nn19,29-Sep,1,20,,,,,
kn37,29-Sep,1,14,,,,,
kn14,29-Sep,1,10,,,,,
nn6,29-Sep,1,6,,,,,
kn17,29-Sep,1,4,,,,,
nn1,29-Sep,1,1,,,,,
cn24,29-Sep,1,0,,1,2,,
cc38,29-Sep,1,0,,1,2,,
nc6,29-Sep,1,4,,,,,
kc28,29-Sep,1,10,,,,,
cc13,29-Sep,1,0,,1,3,,
nc10,29-Sep,1,8,,,,,
kc5,29-Sep,1,2,,,,,
kc23,29-Sep,1,26,,,,,
nc13,29-Sep,1,4,,,,,
pc32,29-Sep,1,9,,1,0,,
nc3,29-Sep,1,11,,,,,
pc20,29-Sep,1,5,,,,,
nc16,29-Sep,1,7,,,,,
cc11,29-Sep,1,10,,1,0,,
cc14,29-Sep,1,15,,1,10,,
pc15,29-Sep,1,32,,1,0,,
cc32,29-Sep,1,1,,,,,
nc34,29-Sep,1,0,,1,11,,over planted
nc21,29-Sep,1,11,,,,,
cc12,29-Sep,1,9,,1,2,,
nc15,29-Sep,1,16,,,,,
cc26,29-Sep,1,0,,1,8,,
pc33,29-Sep,1,4,,,,,
nc7,29-Sep,1,6,,,,,
cc8,29-Sep,1,0,,1,16,,
cc5,29-Sep,1,0,,0,1,,
cc35,29-Sep,1,7,,1,0,,
kc34,29-Sep,1,10,,,,,
nc20,29-Sep,1,5,,,,,
nc26,29-Sep,1,27,,,,,
cc9,29-Sep,1,0,,1,8,,
cc7,29-Sep,1,1,,,,,
pc28,29-Sep,1,1,,1,0,,
kc10,29-Sep,1,7,,,,,
pc12,29-Sep,1,3,,,,,
kc8,29-Sep,1,5,,,,,
kc4,29-Sep,1,18,,,,,
cc2,29-Sep,1,1,,1,0,,
pn14,2-Oct,1,32,,1,0,,
pn2,2-Oct,1,21,,1,0,,
nn27,2-Oct,1,15,,,,,
nn29,2-Oct,1,5,,,,,
nn22,2-Oct,1,6,,,,,
kn20,2-Oct,1,4,,,,,
kn5,2-Oct,1,8,,,,,
nn40,2-Oct,1,6,,,,,
cn16,2-Oct,1,0,,1,5,,
nn11,2-Oct,1,16,,,,,
nn8,2-Oct,1,10,,,,,
pn8,2-Oct,1,18,,1,0,,
pn31,2-Oct,1,7,,1,0,,
kn21,2-Oct,1,4,,,,,
nn15,2-Oct,1,8,,,,,
kc19,2-Oct,1,1,,,,,
nc39,2-Oct,1,10,,,,,
nc27,2-Oct,1,31,,,,,
cc34,2-Oct,1,0,,1,4,,
cc21,2-Oct,1,4,,1,9,,
pc30,2-Oct,1,51,,,,,
nn26,2-Oct,1,9,,,,,
kn9,2-Oct,1,23,,,,,
cn26,2-Oct,1,1,,1,0,,
kc37,2-Oct,1,2,,,,,
cc1,2-Oct,1,0,,1,8,,
nc40,2-Oct,1,30,,,,,
nc18,2-Oct,1,41,,,,,
kc11,2-Oct,1,11,,,,,
kc29,2-Oct,1,6,,,,,
pc27,2-Oct,1,2,,,,,
nc14,2-Oct,1,5,,,,,
pc6,2-Oct,1,12,,1,0,,
kc3,2-Oct,1,2,,,,,
cc6,2-Oct,1,0,,1,2,,
kc13,2-Oct,1,14,,,,,
cn34,2-Oct,1,1,,1,0,,
pn22,2-Oct,1,8,,1,0,,
cn29,2-Oct,1,5,,1,0,,
pn15,2-Oct,1,12,,,,,
kn11,2-Oct,1,9,,,,,
pn34,2-Oct,1,19,,1,0,,
nn25,2-Oct,1,23,,,,,
cn19,2-Oct,1,5,,1,0,,
kn38,2-Oct,1,17,,,,,
nn16,2-Oct,1,1,,,,,
nn4,2-Oct,1,7,,,,,
pn18,2-Oct,1,19,,,,,
cn31,2-Oct,1,0,,1,11,,
kn6,2-Oct,1,2,,,,,
kn33,2-Oct,1,4,,,,,
cn36,2-Oct,1,1,,1,0,,
cn8,2-Oct,1,8,,1,0,,
kc38,2-Oct,1,16,,,,,
pc21,2-Oct,1,34,,,,,
kc17,2-Oct,1,12,,,,,
nc9,2-Oct,1,14,,,,,
kc31,2-Oct,1,2,,,,,
cc4,2-Oct,1,0,,1,13,,
kc24,2-Oct,1,1,,,,,
kn28,2-Oct,1,5,,,,,
kn34,2-Oct,1,19,,,,,
cn35,2-Oct,1,12,,1,0,,
cn20,2-Oct,1,0,,1,6,,
pn6,2-Oct,1,34,,,,,
cn3,2-Oct,1,0,,1,16,,
pn40,2-Oct,1,7,,,,,
cn21,2-Oct,1,4,,1,6,,
nn37,2-Oct,1,4,,,,,
kn18,2-Oct,1,6,,,,,
kn19,2-Oct,1,9,,,,,
cc30,2-Oct,1,21,,1,1,,
nn7,2-Oct,1,1,,,,,
cn30,2-Oct,1,0,,1,16,,
cn10,2-Oct,1,0,,1,9,,
nn33,2-Oct,1,5,,,,,
cn32,2-Oct,1,0,,1,2,,
nn34,2-Oct,1,22,,,,,
kn13,2-Oct,1,4,,,,,
nn30,2-Oct,1,5,,,,,
kn8,2-Oct,1,1,,,,,
nc22,2-Oct,1,2,,,,,
nc5,2-Oct,1,1,,,,,
kc32,2-Oct,1,3,,,,,
kn15,2-Oct,1,16,,,,,
nn36,2-Oct,1,16,,,,,
nn23,2-Oct,1,5,,,,,
nn10,2-Oct,1,11,,,,,
cn40,2-Oct,1,6,,1,0,,
kn23,2-Oct,1,1,,,,,
cn25,2-Oct,1,1,,1,0,,
nn9,2-Oct,1,21,,,,,
nn20,2-Oct,1,11,,,,,
nn24,2-Oct,1,9,,,,,
cn6,2-Oct,1,4,,1,6,,
cc19,2-Oct,1,7,,1,5,,
pc1,2-Oct,1,16,,1,0,,
cc31,2-Oct,1,0,,1,2,,
cc18,2-Oct,1,0,,1,14,,
nc4,2-Oct,1,7,,,,,
cc40,2-Oct,1,0,,1,1,,
pc31,2-Oct,1,8,,1,0,,
kc2,2-Oct,1,29,,,,,
nc19,2-Oct,1,21,,,,,
cc37,2-Oct,1,2,,1,8,,
kc12,2-Oct,1,5,,,,,
cc33,2-Oct,1,4,,1,2,,
nc31,2-Oct,1,7,,,,,
nc24,2-Oct,1,12,,,,,
cc25,2-Oct,1,0,,1,25,,
pc34,2-Oct,1,4,,,,,
pc37,2-Oct,1,2,,1,0,,
nn32,2-Oct,1,31,,,,,
kn24,2-Oct,1,8,,,,,
pn20,2-Oct,1,4,,1,0,,
cn2,2-Oct,1,25,,1,0,,
cn9,2-Oct,1,24,,1,0,,
nn21,2-Oct,1,4,,,,,
cn4,2-Oct,1,5,,,,,
nn19,2-Oct,1,17,,,,,
cn39,2-Oct,1,2,,1,2,,
nn6,2-Oct,1,5,,,,,
kn17,2-Oct,1,10,,,,,
kn14,2-Oct,1,12,,,,,
kn37,2-Oct,1,26,,,,,
kc23,2-Oct,1,34,,,,,
nc13,2-Oct,1,5,,,,,
kc5,2-Oct,1,5,,,,,
nc10,2-Oct,1,5,,,,,
nc6,2-Oct,1,4,,,,,
cc38,2-Oct,1,0,,1,3,,
nc35,2-Oct,1,1,,,,,
cc13,2-Oct,1,0,,1,6,,
kc28,2-Oct,1,22,,,,,
cn24,2-Oct,1,0,,1,3,,
cc14,2-Oct,1,18,,1,4,,
cc11,2-Oct,1,20,,1,0,,
pc20,2-Oct,1,13,,,,,
nc16,2-Oct,1,7,,,,,
nc3,2-Oct,1,24,,,,,
pc15,2-Oct,1,36,,1,0,,
pc32,2-Oct,1,22,,1,0,,
nc34,2-Oct,1,11,,,,,
cc26,2-Oct,1,0,,1,1,,
nc15,2-Oct,1,20,,,,,
nc21,2-Oct,1,22,,,,,
cc12,2-Oct,1,26,,1,6,,
pc8,2-Oct,1,1,,,,,
cc8,2-Oct,1,0,,1,20,,
nc7,2-Oct,1,5,,,,,
kc34,2-Oct,1,5,,,,,
nc26,2-Oct,1,16,,,,,
cc9,2-Oct,1,0,,1,6,,
nc20,2-Oct,1,7,,,,,
cc35,2-Oct,1,20,,1,0,,
cc2,2-Oct,1,1,,1,0,,
pc28,2-Oct,1,1,,,,,
kc8,2-Oct,1,4,,,,,
kc4,2-Oct,1,15,,,,,
kc10,2-Oct,1,12,,,,,
nn27,4-Oct,1,6,,,,,
nn29,4-Oct,1,1,,,,,
pn2,4-Oct,1,4,,,,,
pn14,4-Oct,1,10,,,,,
nn40,4-Oct,1,2,,,,,
nn11,4-Oct,1,5,,,,,
nn15,4-Oct,1,1,,,,,
nc27,4-Oct,1,17,,,,,
pc15,4-Oct,1,1,,,,,
pc30,4-Oct,1,14,,,,,
nn26,4-Oct,1,10,,,,,
kn9,4-Oct,1,10,,,,,
nc18,4-Oct,1,3,,,,,
nc40,4-Oct,1,7,,,,,
pc6,4-Oct,1,2,,,,,
pn22,4-Oct,1,3,,,,,
kn11,4-Oct,1,5,,,,,
cn29,4-Oct,1,3,,,,,
nn25,4-Oct,1,21,,,,,
kn38,4-Oct,1,4,,,,,
cn15,4-Oct,1,0,,1,2,,
cn31,4-Oct,1,2,,,,,
cn8,4-Oct,1,2,,1,0,,
cc4,4-Oct,1,0,,1,8,,
kc38,4-Oct,1,2,,,,,
pc21,4-Oct,1,12,,,,,
pn6,4-Oct,1,11,,,,,
kn34,4-Oct,1,22,,,,,
cn3,4-Oct,1,4,,1,11,,
cn20,4-Oct,1,0,,1,11,,
kn19,4-Oct,1,3,,,,,
nn37,4-Oct,1,1,,,,,
cc30,4-Oct,1,1,,1,0,,
cn38,4-Oct,1,1,,1,0,,
cn30,4-Oct,1,0,,1,3,,
nn34,4-Oct,1,2,,,,,
nn36,4-Oct,1,2,,,,,
nn10,4-Oct,1,3,,,,,
cn6,4-Oct,1,1,,,,,
nn20,4-Oct,1,5,,1,0,,
nn9,4-Oct,1,1,,,,,
cc18,4-Oct,1,0,,1,1,,
pc1,4-Oct,1,2,,,,,
kc2,4-Oct,1,12,,,,,
pc31,4-Oct,1,1,,,,,
nc19,4-Oct,1,2,,,,,
cc37,4-Oct,1,0,,,,,
pc4,4-Oct,1,1,,,,,
cc25,4-Oct,1,0,,1,10,,
pn1,4-Oct,1,3,,,,,
cn2,4-Oct,1,4,,1,0,,
pn17,4-Oct,1,2,,,,,
cn9,4-Oct,1,6,,1,2,,
nn19,4-Oct,1,3,,,,,
kn37,4-Oct,1,22,,,,,
nc10,4-Oct,1,3,,,,,
kc5,4-Oct,1,1,,,,,
kc23,4-Oct,1,9,,,,,
nc35,4-Oct,1,1,,,,,
cc13,4-Oct,1,0,,1,3,,
cc38,4-Oct,1,0,,1,2,,
kc28,4-Oct,1,6,,,,,
nc6,4-Oct,1,1,,,,,
pc32,4-Oct,1,3,,,,,
nc3,4-Oct,1,13,,,,,
pc20,4-Oct,1,3,,,,,
pc15,4-Oct,1,21,,,,,
cc11,4-Oct,1,10,,1,1,,
cc14,4-Oct,1,5,,1,1,,
nc21,4-Oct,1,4,,,,,
nc15,4-Oct,1,2,,,,,
cc12,4-Oct,1,5,,1,0,,
cc8,4-Oct,1,0,,1,8,,
pc33,4-Oct,1,3,,,,,
kc34,4-Oct,1,2,,,,,
nc26,4-Oct,1,5,,,,,
cc35,4-Oct,1,12,,1,0,,
cc9,4-Oct,1,0,,1,0,,
nn27,9-Oct,1,2,,,,,
kn9,9-Oct,1,2,,,,,
nc27,9-Oct,1,9,,,,,
pc30,9-Oct,1,22,,,,,
nc40,9-Oct,1,3,,,,,
kc13,9-Oct,1,1,,,,,
pc6,9-Oct,1,1,,,,,
nn25,9-Oct,1,8,,,,,
pc21,9-Oct,1,14,,,,,
cc4,9-Oct,1,0,,1,10,,
kn34,9-Oct,1,14,,,,,
cn3,9-Oct,1,0,,1,12,,
cn20,9-Oct,1,0,,1,2,,
cn35,9-Oct,1,1,,1,0,,
nn34,9-Oct,1,1,,,,,
nn33,9-Oct,1,2,,,,,
cc30,9-Oct,1,1,,1,0,,
nn20,9-Oct,1,1,,,,,
cc25,9-Oct,1,0,,1,7,,
kc2,9-Oct,1,16,,,,,
nn32,9-Oct,1,5,,,,,
cn9,9-Oct,1,1,,1,1,,
pn1,9-Oct,1,2,,,,,
kn37,9-Oct,1,4,,,,,
cn24,9-Oct,1,0,,1,2,,
kc28,9-Oct,1,1,,,,,
cc38,9-Oct,1,0,,1,1,,
nc6,9-Oct,1,2,,,,,
kc5,9-Oct,1,2,,,,,
nc10,9-Oct,1,3,,,,,
cc12,9-Oct,1,5,,1,0,,
pc20,9-Oct,1,2,,1,0,,
pc32,9-Oct,1,2,,1,0,,
pc15,9-Oct,1,12,,1,0,,
nc3,9-Oct,1,13,,,,,
cc11,9-Oct,1,8,,1,0,,
cc35,9-Oct,1,19,,1,0,,
cc8,9-Oct,1,0,,1,1,,
pc33,9-Oct,1,3,,1,0,,
pc30,13-Oct,1,4,,1,0,,
nc37,13-Oct,1,7,,,,,
kn34,13-Oct,1,14,,,,,
cc4,13-Oct,1,0,,1,10,,
kc2,13-Oct,1,5,,,,,
cc25,13-Oct,1,0,,1,2,,
pc21,13-Oct,1,6,,1,0,,
pc6,13-Oct,1,2,,1,0,,
cc35,13-Oct,1,18,,1,0,,
cc12,13-Oct,1,2,,1,0,,
cc11,13-Oct,1,1,,1,0,,
nc3,13-Oct,1,2,,,,,
nc24,13-Oct,1,2,,,,,
cc35,16-Oct,1,1,,1,0,,
